0.0;2.0;-0.03117586888591541
0.0;3.0;-0.10903841804395582
0.0;6.0;-0.15926475578850713
0.0;7.0;0.09438384933916341
0.0;10.0;0.28729187520591815
0.0;11.0;0.0944008827064746
0.0;14.0;0.16761997533409856
0.0;15.0;0.09083847965422297
0.0;18.0;-0.008546657008532707
0.0;19.0;0.1557918353687426
0.0;22.0;-0.014673935687074204
0.0;23.0;0.001097494980235243
0.0;26.0;-0.1043292925432433
0.0;27.0;0.2029607013453313
0.0;30.0;-0.17773810744198557
0.0;31.0;0.1266734851638549
0.0;34.0;-0.0719763568661111
0.0;35.0;-0.11246385309400538
0.0;38.0;0.06485504523869648
0.0;39.0;0.1384784080379759
0.0;42.0;0.07093105849665973
0.0;43.0;-0.10461462039118012
0.0;46.0;-0.2837048816285054
0.0;47.0;0.03203338623660572
0.0;49.0;0.031274819901356554
0.0;48.0;-0.0259440652260475
0.0;45.0;-0.027413467180000387
0.0;44.0;0.2858916445447005
0.0;41.0;-0.090850312508931
0.0;40.0;0.02510098657315804
0.0;37.0;-0.02982834312345695
0.0;36.0;0.1417451001709743
0.0;33.0;0.2164122534321478
0.0;32.0;-0.32702510868028273
0.0;29.0;-0.06414364978015129
0.0;28.0;-0.18478529703966837
0.0;25.0;0.01706863851003075
0.0;24.0;0.21630149910644333
0.0;21.0;-0.08288818223389235
0.0;20.0;-0.020533614140866276
0.0;17.0;-0.04826158474407688
0.0;16.0;-0.0880826821879398
0.0;13.0;-0.09352536221585134
0.0;12.0;0.06722412191579367
0.0;9.0;0.12812467464912872
0.0;8.0;0.25763498966828263
0.0;5.0;-0.03600123956180734
0.0;4.0;-0.012426836837070859
0.0;1.0;0.30661697391016046
0.0;0.0;0.00842204
1.0;0.0;0.0753919857514098
1.0;2.0;0.21677570891535217
1.0;3.0;-0.06094664887065955
1.0;1.0;-0.011177922324831606
1.0;4.0;0.17394735457799082
1.0;6.0;0.2139500438928218
1.0;7.0;-0.12604507876713314
1.0;5.0;0.1639652037810653
1.0;8.0;-0.13732748301301684
1.0;10.0;0.010726235346672268
1.0;11.0;-0.08408798981608537
1.0;9.0;-0.15432601169031096
1.0;12.0;0.10790634249882533
1.0;14.0;0.13589756537179623
1.0;15.0;0.07381872032880803
1.0;13.0;-0.20248607264894147
1.0;16.0;-0.18559361758664217
1.0;18.0;-0.21386693929365486
1.0;19.0;0.11978163905907037
1.0;17.0;0.10101043187920779
1.0;20.0;0.15247872960223152
1.0;22.0;0.25321803277238214
1.0;23.0;0.11184741031764392
1.0;21.0;-0.02741318238238153
1.0;24.0;0.09680100803612517
1.0;26.0;-0.07575284310277225
1.0;27.0;-0.22106011944656973
1.0;25.0;-0.011522060057331843
1.0;28.0;-0.06925776283790387
1.0;30.0;-0.0585693472385707
1.0;31.0;0.0791037116238563
1.0;29.0;0.1352621208222507
1.0;32.0;0.17674654357807482
1.0;34.0;-0.12265959946539579
1.0;35.0;0.064485082983364
1.0;33.0;0.09938486864389512
1.0;36.0;-0.04770168178497924
1.0;38.0;-0.19121495796700927
1.0;39.0;0.2453108078514522
1.0;37.0;-0.0849466607815705
1.0;40.0;0.2357171826682609
1.0;42.0;0.09591458071403403
1.0;43.0;0.01359285814866874
1.0;41.0;0.025410099839191517
1.0;44.0;0.16553815353852264
1.0;46.0;0.03378000768661374
1.0;47.0;0.21533058178133507
1.0;45.0;0.26897967799658384
1.0;49.0;-0.12719176312675085
1.0;48.0;-0.020467495290274584
2.0;47.0;-0.216343687207518
2.0;49.0;-0.14967969215315247
2.0;48.0;0.13445927077004305
2.0;46.0;-0.17002076998049745
2.0;43.0;-0.14428979933244207
2.0;45.0;0.03982534682854594
2.0;44.0;-0.017743663805741494
2.0;42.0;0.28618021660386317
2.0;39.0;0.002339246216953028
2.0;41.0;0.028114400710766582
2.0;40.0;-0.1617546051295184
2.0;38.0;0.04169802567167256
2.0;35.0;0.06448258305876463
2.0;37.0;-0.005761892797086242
2.0;36.0;0.12339365116806479
2.0;34.0;-0.017303100600533458
2.0;31.0;-0.12063669352554676
2.0;33.0;-0.33736296762838824
2.0;32.0;0.02427701312945068
2.0;30.0;0.11774480680058158
2.0;27.0;0.2048127952629994
2.0;29.0;0.08812649202289927
2.0;28.0;0.06778640559773992
2.0;26.0;-0.002566860739736869
2.0;23.0;0.1301083413080365
2.0;25.0;-0.019126240849634834
2.0;24.0;-0.09226524424986972
2.0;22.0;0.24638425559227736
2.0;19.0;0.056910376478707884
2.0;21.0;-0.17988354263743728
2.0;20.0;0.08297091859182952
2.0;18.0;-0.040760798961861695
2.0;15.0;0.21295597454652188
2.0;17.0;0.041382593287292525
2.0;16.0;-0.2336363229732911
2.0;14.0;-0.2942776324812007
2.0;11.0;0.23075254038254553
2.0;13.0;0.1431766129344835
2.0;12.0;-0.040952099699691095
2.0;10.0;-0.1646417085479996
2.0;7.0;0.05318937346336365
2.0;9.0;0.07686827455114971
2.0;8.0;0.04330876393983878
2.0;6.0;0.06729046671426399
2.0;3.0;-0.08300362268508335
2.0;5.0;0.1323080595092769
2.0;4.0;0.06056640536330572
2.0;2.0;0.16109307879494614
2.0;1.0;0.20739297616224633
2.0;0.0;0.005734597434024842
3.0;0.0;0.09105366119271781
3.0;2.0;-0.002353107066693948
3.0;3.0;-0.06787104246617431
3.0;1.0;0.16192091029799888
3.0;4.0;-0.04046859813726676
3.0;6.0;0.12898087470109723
3.0;7.0;0.05561030540473703
3.0;5.0;-0.051350910131204
3.0;8.0;-0.12839413808420674
3.0;10.0;-0.2053604893353504
3.0;11.0;0.3224891889462163
3.0;9.0;0.051296424855503064
3.0;12.0;0.15457718286442268
3.0;14.0;-0.06227988428110351
3.0;15.0;0.0034825269585866446
3.0;13.0;-0.16919649073540347
3.0;16.0;-0.10919745638777222
3.0;18.0;-0.06999818383603132
3.0;19.0;-0.3302763287045302
3.0;17.0;0.004204196571125487
3.0;20.0;-0.02879299226776898
3.0;22.0;-0.08395027127092705
3.0;23.0;-0.022728720987600537
3.0;21.0;0.22408302335452632
3.0;24.0;0.05815779098252412
3.0;26.0;0.017035751307263695
3.0;27.0;0.294565909965196
3.0;25.0;-0.1696112855741252
3.0;28.0;0.20036731312502298
3.0;30.0;-0.13168202809400764
3.0;31.0;0.17278358544839892
3.0;29.0;0.11794353441711386
3.0;32.0;-0.08386494541330451
3.0;34.0;0.058314082178294764
3.0;35.0;0.05556497443613256
3.0;33.0;0.23298322274548808
3.0;36.0;0.08351313993677889
3.0;38.0;-0.01572543631286645
3.0;39.0;0.1958906972130119
3.0;37.0;-0.07887532812375303
3.0;40.0;0.14215880931790778
3.0;42.0;-0.016508018935535648
3.0;43.0;0.16771412734111057
3.0;41.0;-0.02482062503021442
3.0;44.0;-0.2485897013218824
3.0;46.0;0.130943550907364
3.0;47.0;-0.06586194837623051
3.0;45.0;0.07578308171100287
3.0;49.0;0.17165114990196315
3.0;48.0;0.15116208607247475
4.0;47.0;-0.07813527032639703
4.0;49.0;-0.2262716063689914
4.0;48.0;-0.199288394018709
4.0;46.0;0.2382790870947713
4.0;43.0;-0.04089471986226528
4.0;45.0;0.029522216161578494
4.0;44.0;0.03396400026289649
4.0;42.0;-0.028447805284423276
4.0;39.0;0.06576404823029265
4.0;41.0;0.15839743858329386
4.0;40.0;0.22216811793313176
4.0;38.0;-0.19737583780573822
4.0;35.0;-0.17362936077786095
4.0;37.0;0.0476104181284716
4.0;36.0;0.09754037739486673
4.0;34.0;-0.07212245764523673
4.0;31.0;0.2271784040879098
4.0;33.0;-0.15204798758702057
4.0;32.0;0.015511031802356884
4.0;30.0;0.011260840928581893
4.0;27.0;0.07759369252951571
4.0;29.0;-0.10890342702068431
4.0;28.0;0.029447745057624895
4.0;26.0;-0.01563996262088868
4.0;23.0;-0.09835601593716366
4.0;25.0;0.1484894179385187
4.0;24.0;-0.15498089412450805
4.0;22.0;0.019814526201648804
4.0;19.0;0.0029437518754817406
4.0;21.0;-0.004888443519218615
4.0;20.0;0.045592401417293225
4.0;18.0;-0.007171098143955639
4.0;15.0;-0.030424702506616212
4.0;17.0;-0.09736697246234988
4.0;16.0;0.23431761972824405
4.0;14.0;-0.355392936848473
4.0;11.0;0.09740862623416578
4.0;13.0;-0.21685820320226348
4.0;12.0;0.06778563476129307
4.0;10.0;0.1898423026144173
4.0;7.0;-0.1702249336959187
4.0;9.0;0.2731914134570054
4.0;8.0;0.14257752864423595
4.0;6.0;0.040369358924862174
4.0;3.0;0.265060816487754
4.0;5.0;-0.11332096066667716
4.0;4.0;0.11215802985204155
4.0;2.0;0.043986552620064026
4.0;1.0;0.08933002539234963
4.0;0.0;0.0672566829446394
5.0;0.0;0.19606690717275435
5.0;2.0;0.18244710047340226
5.0;3.0;0.044556634989629584
5.0;1.0;-0.17608407581576507
5.0;4.0;-0.09213059319527692
5.0;6.0;0.03477039731132552
5.0;7.0;-0.11134158333248767
5.0;5.0;-0.10915150642005465
5.0;8.0;0.004697526502060741
5.0;10.0;-0.05722301696028882
5.0;11.0;0.08410268846854113
5.0;9.0;0.1369624385756994
5.0;12.0;0.018350239776796274
5.0;14.0;0.06230227061744864
5.0;15.0;0.010577652923439875
5.0;13.0;0.13214829998828911
5.0;16.0;-0.09954446714373831
5.0;18.0;0.20733251793456448
5.0;19.0;0.060791498972227825
5.0;17.0;-0.029938997466296857
5.0;20.0;0.17598430427456224
5.0;22.0;0.2530985421072345
5.0;23.0;-0.12553097825565718
5.0;21.0;0.11949539511288357
5.0;24.0;-0.011775968158520177
5.0;26.0;0.14146341321199546
5.0;27.0;-0.10243490173036826
5.0;25.0;-0.09117310752618475
5.0;28.0;0.19561593399197752
5.0;30.0;0.059117492699908195
5.0;31.0;0.11764574048992076
5.0;29.0;-0.11633490804192184
5.0;32.0;0.05596052142482284
5.0;34.0;-0.06357609618940312
5.0;35.0;-0.24342251491023462
5.0;33.0;0.22829378123324992
5.0;36.0;0.27582670144717486
5.0;38.0;0.21390917677107638
5.0;39.0;-0.16113422699632796
5.0;37.0;0.27775292412308034
5.0;40.0;-0.05414521736960915
5.0;42.0;-0.09753984061367
5.0;43.0;0.24358862086290883
5.0;41.0;-0.02366408416025053
5.0;44.0;0.10046359659624973
5.0;46.0;-0.18996588283745552
5.0;47.0;0.054285375889095044
5.0;45.0;0.1341780462364892
5.0;49.0;-0.15484594263386411
5.0;48.0;0.11296618490553031
6.0;47.0;-0.08662242469505796
6.0;49.0;0.09450629918943093
6.0;48.0;-0.18085389396877416
6.0;46.0;0.020473724187141242
6.0;43.0;-0.04068406831731898
6.0;45.0;-0.19566292244815056
6.0;44.0;-0.05500115522807601
6.0;42.0;-0.07690759667194025
6.0;39.0;-0.12477758605884812
6.0;41.0;0.048339074046705205
6.0;40.0;-0.0038532175949821386
6.0;38.0;-0.010983753221628473
6.0;35.0;0.14627261822601043
6.0;37.0;0.21139866563749865
6.0;36.0;-0.17374307192461974
6.0;34.0;-0.11559477102776908
6.0;31.0;0.07546167987802516
6.0;33.0;0.1328484080930663
6.0;32.0;-0.14866681199174786
6.0;30.0;0.08493893277694935
6.0;27.0;0.1698769589594349
6.0;29.0;0.08488348397726564
6.0;28.0;-0.3370856754604625
6.0;26.0;-0.16988541432897647
6.0;23.0;0.1293069801113989
6.0;25.0;0.09075928442023341
6.0;24.0;-0.07711683022922702
6.0;22.0;0.28774541145828314
6.0;19.0;-0.23040036520156987
6.0;21.0;-0.17835397279573995
6.0;20.0;0.015198489647016386
6.0;18.0;0.20121604718260158
6.0;15.0;0.036137680979056584
6.0;17.0;0.24537777959198548
6.0;16.0;-0.09461955867169285
6.0;14.0;-0.010253857991305654
6.0;11.0;0.10436435011624792
6.0;13.0;-0.16239456802611577
6.0;12.0;-0.01303022310385666
6.0;10.0;0.04391429397074724
6.0;7.0;-0.008019263007201651
6.0;9.0;-0.15145429979921152
6.0;8.0;-0.07733144379378756
6.0;6.0;-0.030288277404291533
6.0;3.0;0.1320482165239531
6.0;5.0;-0.09258612616692483
6.0;4.0;-0.17312234317821953
6.0;2.0;0.16481364815832086
6.0;1.0;-0.16933634866974995
6.0;0.0;0.2273805648113377
7.0;0.0;0.07563661901985633
7.0;2.0;-0.16232066086918362
7.0;3.0;0.03248196447080834
7.0;1.0;0.17201499396004502
7.0;4.0;-0.06807366844751563
7.0;6.0;0.08112279235216224
7.0;7.0;0.2367428443380562
7.0;5.0;0.33808432921836934
7.0;8.0;-0.00475799441808534
7.0;10.0;-0.23904378734354353
7.0;11.0;0.15092189128927036
7.0;9.0;0.15678213648876668
7.0;12.0;-0.20907183010865696
7.0;14.0;0.06889433524573119
7.0;15.0;0.18884921649550865
7.0;13.0;0.21788252651272974
7.0;16.0;-0.07926535986280797
7.0;18.0;-0.09242511562925172
7.0;19.0;-0.025514803182858516
7.0;17.0;0.03617465494095238
7.0;20.0;-0.13770775416953424
7.0;22.0;0.06856291705248156
7.0;23.0;-0.028637635286937094
7.0;21.0;0.116347504907488
7.0;24.0;0.003487124352061811
7.0;26.0;0.07990741586275553
7.0;27.0;-0.07456631484323716
7.0;25.0;-0.06854831446624202
7.0;28.0;-0.07115961455889992
7.0;30.0;-0.1479231590185856
7.0;31.0;0.22918599575265697
7.0;29.0;-0.01849056290518055
7.0;32.0;0.11925786264348386
7.0;34.0;0.0030745120702410575
7.0;35.0;-0.0896395588047362
7.0;33.0;0.02813926518876865
7.0;36.0;-0.1356435796272515
7.0;38.0;-0.013465891416906944
7.0;39.0;-0.2477884734743966
7.0;37.0;0.09676149696648129
7.0;40.0;0.22436054812242756
7.0;42.0;-0.2082499452487653
7.0;43.0;-0.23620065007325172
7.0;41.0;-0.03900559094468393
7.0;44.0;0.061886476402745624
7.0;46.0;0.059633154609317264
7.0;47.0;0.1039220073581412
7.0;45.0;-0.08220481647990623
7.0;49.0;-0.11261059725729242
7.0;48.0;-0.25939814926859145
8.0;47.0;0.1737680355839154
8.0;49.0;0.09787480584147322
8.0;48.0;0.13319917330258615
8.0;46.0;0.03552341278456128
8.0;43.0;0.04726857836367286
8.0;45.0;-0.09905412240158157
8.0;44.0;-0.18670640623486037
8.0;42.0;-0.022641366362582453
8.0;39.0;-0.027958815433401934
8.0;41.0;0.18431923824293645
8.0;40.0;-0.06576213340874686
8.0;38.0;0.07106534124896884
8.0;35.0;0.03025780836328172
8.0;37.0;-0.11106900740814352
8.0;36.0;0.13055736603810542
8.0;34.0;-0.31586554487989416
8.0;31.0;0.1439205780850585
8.0;33.0;-0.012923859198464744
8.0;32.0;0.27909211786305776
8.0;30.0;-0.023821720682475747
8.0;27.0;0.23442048458150416
8.0;29.0;-0.2538586905385369
8.0;28.0;0.02365132938929481
8.0;26.0;-0.08912235581907443
8.0;23.0;-0.018609808972786253
8.0;25.0;0.2786103858958213
8.0;24.0;-0.15241251850173013
8.0;22.0;-0.21223332047925922
8.0;19.0;0.04695268858481682
8.0;21.0;-0.024033790321038057
8.0;20.0;0.12874444377065875
8.0;18.0;0.025133163380872944
8.0;15.0;0.22406808178065604
8.0;17.0;-0.08786182769911222
8.0;16.0;-0.0724515761020831
8.0;14.0;0.14564974873883837
8.0;11.0;0.031187666071990132
8.0;13.0;0.11606750603294308
8.0;12.0;-0.036687507723512286
8.0;10.0;0.23932358720181496
8.0;7.0;0.20869525010366918
8.0;9.0;-0.20723164151922296
8.0;8.0;0.031357424596333464
8.0;6.0;0.2455825063456877
8.0;3.0;0.025822207692158275
8.0;5.0;0.06832710153407737
8.0;4.0;0.04952041299288541
8.0;2.0;0.010828751534222969
8.0;1.0;-0.03410619872297482
8.0;0.0;0.10870915539806376
9.0;0.0;0.12894881949529688
9.0;2.0;-0.017720588750363524
9.0;3.0;-0.01986732737057918
9.0;1.0;0.009557142180452262
9.0;4.0;0.026573511317741196
9.0;6.0;0.3093969345582054
9.0;7.0;0.052943992516274185
9.0;5.0;-0.1632769782484475
9.0;8.0;0.1410736969676093
9.0;10.0;-0.08088379404783952
9.0;11.0;0.06351923474508364
9.0;9.0;0.12112578684990713
9.0;12.0;0.11186323166729427
9.0;14.0;0.05174037879234973
9.0;15.0;-0.22989441077018022
9.0;13.0;0.10967587167252874
9.0;16.0;-0.14006362134783687
9.0;18.0;0.004574957435572495
9.0;19.0;0.1541448233656984
9.0;17.0;-0.03496444016482089
9.0;20.0;-0.0988078820729884
9.0;22.0;0.0004305986429696938
9.0;23.0;0.10615647087742586
9.0;21.0;-0.18546429901595415
9.0;24.0;-0.12993666103090376
9.0;26.0;0.3598239851277795
9.0;27.0;0.0783266330147954
9.0;25.0;0.19491998223828952
9.0;28.0;0.11275538761191067
9.0;30.0;0.21033666927223701
9.0;31.0;-0.07907175351184312
9.0;29.0;0.06984560653364764
9.0;32.0;-0.222903855566961
9.0;34.0;0.09198950559654773
9.0;35.0;0.03982833745141066
9.0;33.0;0.2691985549192819
9.0;36.0;-0.10986498969725304
9.0;38.0;-0.21613735883709084
9.0;39.0;-0.11194321520291399
9.0;37.0;-0.15672665951696918
9.0;40.0;-0.13385692184854117
9.0;42.0;-0.05792490951717815
9.0;43.0;-0.1890286954629822
9.0;41.0;0.1509699563120247
9.0;44.0;0.056736923733663305
9.0;46.0;0.08529928565184194
9.0;47.0;0.20308475208864765
9.0;45.0;0.10344259072995964
9.0;49.0;0.041311725503170534
9.0;48.0;-0.028433460896727346
10.0;47.0;0.06685912008467772
10.0;49.0;-0.021017669459985372
10.0;48.0;0.1352754149286456
10.0;46.0;0.13410920499576878
10.0;43.0;-0.07351222095433649
10.0;45.0;-0.19593355059189863
10.0;44.0;0.1891689743062595
10.0;42.0;-0.09413186772066323
10.0;39.0;-0.12825604176769784
10.0;41.0;0.0658005090945006
10.0;40.0;0.08801904282943891
10.0;38.0;0.07155554319835969
10.0;35.0;0.17014194371665353
10.0;37.0;0.003470884290218733
10.0;36.0;0.07653243668064849
10.0;34.0;0.38169408002844507
10.0;31.0;0.08181337016252346
10.0;33.0;0.0043355488267487405
10.0;32.0;-0.12024233986397742
10.0;30.0;0.1435504515193723
10.0;27.0;-0.0901738404736139
10.0;29.0;-0.12901860152732872
10.0;28.0;0.11559400796993202
10.0;26.0;0.03973084012203025
10.0;23.0;0.2586054489679235
10.0;25.0;0.19210306626149357
10.0;24.0;0.01293200048951404
10.0;22.0;-0.0532116887683799
10.0;19.0;-0.2387592048915956
10.0;21.0;0.1366406766637994
10.0;20.0;0.21788452340546036
10.0;18.0;-0.1107328015449365
10.0;15.0;0.10739355997968299
10.0;17.0;-0.08567605657872186
10.0;16.0;-0.06849729984308217
10.0;14.0;0.09831286544661177
10.0;11.0;0.04578169632760037
10.0;13.0;0.09976975756496974
10.0;12.0;-0.13938234992371895
10.0;10.0;0.08748002538614426
10.0;7.0;-0.27712658445293903
10.0;9.0;-0.15630553256356308
10.0;8.0;-0.04713363242277122
10.0;6.0;-0.20526682241269736
10.0;3.0;0.022115201663345643
10.0;5.0;-0.025247306693348834
10.0;4.0;0.1710480397788553
10.0;2.0;0.14469011953800298
10.0;1.0;0.24030128399529202
10.0;0.0;0.07423771700304611
11.0;0.0;0.05040440247825717
11.0;2.0;0.3248244975006525
11.0;3.0;0.06535980157985007
11.0;1.0;0.11769162773705573
11.0;4.0;0.08085850360887673
11.0;6.0;-0.15397204891745586
11.0;7.0;0.08683740917766891
11.0;5.0;-0.011556434020239304
11.0;8.0;-0.17609313696932358
11.0;10.0;-0.05236544334730229
11.0;11.0;0.16379469026111448
11.0;9.0;-0.16005755552816148
11.0;12.0;0.026154958937474188
11.0;14.0;-0.09916666840155093
11.0;15.0;-0.35325482543052783
11.0;13.0;-0.1444110997857964
11.0;16.0;-0.2625822713458961
11.0;18.0;-0.0146855285679181
11.0;19.0;-0.042727237388892336
11.0;17.0;0.05428305082410786
11.0;20.0;0.06230840749480634
11.0;22.0;-0.23081175886888222
11.0;23.0;-0.12099047591934702
11.0;21.0;-0.04162985044952708
11.0;24.0;-0.11343437213913793
11.0;26.0;0.07374366465442175
11.0;27.0;-0.12103267939692633
11.0;25.0;0.07496516312038624
11.0;28.0;0.012833129378223722
11.0;30.0;-0.1952496607300404
11.0;31.0;-0.08404690746259255
11.0;29.0;-0.09266459563516959
11.0;32.0;0.22774263445945003
11.0;34.0;0.08765702551881066
11.0;35.0;-0.3192737402716875
11.0;33.0;0.027126731264306397
11.0;36.0;-0.032523625013437425
11.0;38.0;0.06883092382175923
11.0;39.0;0.0407456286766669
11.0;37.0;-0.1010880251189013
11.0;40.0;-0.10824658646341673
11.0;42.0;-0.02523252338671643
11.0;43.0;-0.17410331472363907
11.0;41.0;0.03797292043287606
11.0;44.0;0.012514773202367172
11.0;46.0;-0.21977626153055613
11.0;47.0;-0.04529489709905504
11.0;45.0;-0.08765347951987407
11.0;49.0;0.09082270966681993
11.0;48.0;-0.2512412521321846
12.0;47.0;-0.12034033686561234
12.0;49.0;-0.09641080657475755
12.0;48.0;0.12630640732037074
12.0;46.0;-0.17970497059575324
12.0;43.0;-0.10655545992840544
12.0;45.0;-0.009905594580164948
12.0;44.0;-0.03290942665063295
12.0;42.0;-0.1410103741858635
12.0;39.0;0.05057845697510474
12.0;41.0;0.0588310493319322
12.0;40.0;-0.20797141723001178
12.0;38.0;-0.011738053867815375
12.0;35.0;0.13790685922207688
12.0;37.0;0.14108653553790157
12.0;36.0;0.0185791013712017
12.0;34.0;0.16250519311923403
12.0;31.0;-0.24718085126070724
12.0;33.0;0.21766354498549914
12.0;32.0;0.141351390885862
12.0;30.0;-0.06317991703254228
12.0;27.0;0.04715552294179675
12.0;29.0;-0.061089061650418726
12.0;28.0;-0.1289543365008803
12.0;26.0;0.05958076758476586
12.0;23.0;-0.22082465925286426
12.0;25.0;0.1704814287217204
12.0;24.0;0.12754357357463583
12.0;22.0;-0.008781897140336762
12.0;19.0;-0.23479489396259798
12.0;21.0;-0.1288545307871012
12.0;20.0;0.20535461473263866
12.0;18.0;-0.2240212450157216
12.0;15.0;0.09517662082732568
12.0;17.0;-0.11873240949969398
12.0;16.0;0.22719794845811056
12.0;14.0;0.05605449312548176
12.0;11.0;-0.1978675514746608
12.0;13.0;-0.26643371568388896
12.0;12.0;-0.0573672026448546
12.0;10.0;-0.14068434407487249
12.0;7.0;0.02695789559906393
12.0;9.0;0.2151106121782069
12.0;8.0;0.07738605457473315
12.0;6.0;0.19775776964597788
12.0;3.0;0.09281586638514779
12.0;5.0;0.17973954612206028
12.0;4.0;-0.07530666559528226
12.0;2.0;0.060235620720836436
12.0;1.0;0.061189041774200564
12.0;0.0;0.08018236148491142
13.0;0.0;0.055234051459064785
13.0;2.0;0.24253138911284328
13.0;3.0;-0.06183741095650242
13.0;1.0;-0.0034126778256943317
13.0;4.0;0.05736943570198049
13.0;6.0;0.16684583280910492
13.0;7.0;0.2458986524178209
13.0;5.0;0.18135392089011584
13.0;8.0;0.11061074841381426
13.0;10.0;0.204625469102589
13.0;11.0;-0.14965101711680695
13.0;9.0;0.2075586891541772
13.0;12.0;-0.018468738345768614
13.0;14.0;0.14810374540222973
13.0;15.0;-0.3293495104682253
13.0;13.0;-0.059749968436751774
13.0;16.0;-0.011913000529093625
13.0;18.0;-0.017577579388601744
13.0;19.0;-0.1588599273685291
13.0;17.0;-0.04973749278833372
13.0;20.0;-0.017717634494701498
13.0;22.0;-0.021891499248315936
13.0;23.0;0.1193985015204931
13.0;21.0;0.08315081458745495
13.0;24.0;-0.17620137291572874
13.0;26.0;0.14648462353370276
13.0;27.0;-0.034168575841701264
13.0;25.0;-0.11060610056645999
13.0;28.0;0.03174570188899966
13.0;30.0;-0.010874424823901926
13.0;31.0;-0.07435831322764365
13.0;29.0;-0.03663972413940121
13.0;32.0;-0.01967736581506694
13.0;34.0;-0.15104508996430238
13.0;35.0;0.14736984288718652
13.0;33.0;0.024600758640502908
13.0;36.0;-0.033760527600893084
13.0;38.0;0.19184211362988043
13.0;39.0;-0.13497606707719942
13.0;37.0;-0.005953140976252055
13.0;40.0;0.20592202069405274
13.0;42.0;0.31863679260161626
13.0;43.0;0.1171586457245557
13.0;41.0;-0.17623427322589108
13.0;44.0;0.12798812439892365
13.0;46.0;0.15882935492480021
13.0;47.0;-0.22832200200346264
13.0;45.0;-0.20190819553547248
13.0;49.0;-0.08107720849000657
13.0;48.0;0.019017699263974744
14.0;47.0;0.09132300305142142
14.0;49.0;0.15581415063536339
14.0;48.0;-0.154266992501317
14.0;46.0;-0.002623201018167355
14.0;43.0;0.23875157743790346
14.0;45.0;-0.054260800303360515
14.0;44.0;0.10765080856851025
14.0;42.0;-0.19429681406960186
14.0;39.0;-0.03591281996985686
14.0;41.0;-0.03161713792781905
14.0;40.0;0.034722759848026266
14.0;38.0;-0.04266115184703895
14.0;35.0;0.07579292281599696
14.0;37.0;0.25122594125298864
14.0;36.0;0.12315728525842341
14.0;34.0;-0.08820043900286713
14.0;31.0;-0.18904896938154478
14.0;33.0;0.1183736523391771
14.0;32.0;0.2323875595286202
14.0;30.0;0.3621037711130051
14.0;27.0;-0.022765683446036807
14.0;29.0;0.24084474027606131
14.0;28.0;0.1405652516943668
14.0;26.0;0.052241690836829224
14.0;23.0;-0.012567183707560747
14.0;25.0;-0.09068670064641188
14.0;24.0;0.13944646299923102
14.0;22.0;-0.10859423538092496
14.0;19.0;-0.002390070693745843
14.0;21.0;-0.265940944055378
14.0;20.0;-0.06410627503914508
14.0;18.0;0.040196215852003725
14.0;15.0;0.014343223948646774
14.0;17.0;0.04510143712733519
14.0;16.0;0.08650204423646757
14.0;14.0;-0.1502949619619596
14.0;11.0;0.1355146229134672
14.0;13.0;-0.022618604262183237
14.0;12.0;6.09782783286654e-05
14.0;10.0;0.28374557433078934
14.0;7.0;0.10673700288972063
14.0;9.0;0.040023374964741086
14.0;8.0;-0.1708136311312905
14.0;6.0;-0.049427942695783905
14.0;3.0;-0.09980027183806936
14.0;5.0;0.14130034227554042
14.0;4.0;0.16171692197152812
14.0;2.0;-0.07178114690881926
14.0;1.0;0.25923028779592616
14.0;0.0;0.021489507936753024
15.0;0.0;0.19200835116551954
15.0;2.0;0.0476677247788307
15.0;3.0;-0.2553910544112252
15.0;1.0;0.12969928073895548
15.0;4.0;-0.24014821245058443
15.0;6.0;0.17886916718826315
15.0;7.0;-0.03320344107009897
15.0;5.0;-0.10606523765512874
15.0;8.0;0.15440139506434036
15.0;10.0;-0.08871584066898161
15.0;11.0;-0.007755745979721276
15.0;9.0;-0.2376576942883795
15.0;12.0;0.10932239230501065
15.0;14.0;0.0029110952203002145
15.0;15.0;-0.023035196435541295
15.0;13.0;-0.22909601323242543
15.0;16.0;0.17251212905442223
15.0;18.0;-0.14219013321142987
15.0;19.0;0.2311388917176297
15.0;17.0;0.06394413959434735
15.0;20.0;-0.1824227358273269
15.0;22.0;0.04155583328572253
15.0;23.0;0.17383655511826795
15.0;21.0;0.015984525975392128
15.0;24.0;-0.1474069684705404
15.0;26.0;-0.06811117945884565
15.0;27.0;0.11217095761403581
15.0;25.0;-0.06736102037274994
15.0;28.0;0.14383221113407263
15.0;30.0;-0.009509075816731945
15.0;31.0;-0.19032153361136606
15.0;29.0;-0.18681752232233687
15.0;32.0;0.034083778916009
15.0;34.0;0.09411527768936019
15.0;35.0;0.0049267226975686675
15.0;33.0;-0.20656940266705923
15.0;36.0;-0.05799921883156037
15.0;38.0;0.23143177343758484
15.0;39.0;-0.016444290136068015
15.0;37.0;0.0401962161438838
15.0;40.0;0.23536709647757773
15.0;42.0;-0.33966686987685113
15.0;43.0;0.07334479225697865
15.0;41.0;0.047365933370490755
15.0;44.0;0.07723399552166221
15.0;46.0;-0.12292761006147583
15.0;47.0;-0.027352354455225637
15.0;45.0;-0.019442710152351717
15.0;49.0;-0.04502143210876922
15.0;48.0;-0.03254732490642115
16.0;47.0;0.21841174107654904
16.0;49.0;-0.006136365916081105
16.0;48.0;-0.12476841764965227
16.0;46.0;0.23284843638043257
16.0;43.0;-0.07537329174854063
16.0;45.0;-0.04444756370479519
16.0;44.0;0.09047918868554888
16.0;42.0;0.19958512661099673
16.0;39.0;0.07537302590902817
16.0;41.0;-0.1729241687785041
16.0;40.0;0.065173393881086
16.0;38.0;0.21366676182212782
16.0;35.0;-0.11194124938681763
16.0;37.0;-0.012307067366419332
16.0;36.0;-0.11115073483653395
16.0;34.0;-0.0010711142898552455
16.0;31.0;-0.22788012105190028
16.0;33.0;0.13209104292572296
16.0;32.0;0.1459391594483974
16.0;30.0;-0.09677792234608684
16.0;27.0;0.1827537122776858
16.0;29.0;0.0462872129813297
16.0;28.0;0.1896520942313808
16.0;26.0;-0.21914435536773688
16.0;23.0;0.1626165629841885
16.0;25.0;0.10130881505430313
16.0;24.0;-0.049617773115598215
16.0;22.0;0.029059767280419976
16.0;19.0;0.05962936755383535
16.0;21.0;-0.11983194975449102
16.0;20.0;0.13867487325974998
16.0;18.0;0.24046143287375243
16.0;15.0;0.145597119939019
16.0;17.0;-0.11869031189946753
16.0;16.0;0.1026289039059518
16.0;14.0;0.056688619017733005
16.0;11.0;-0.2174319570943738
16.0;13.0;0.045135581559092273
16.0;12.0;0.15966701308763387
16.0;10.0;-0.2698533284949972
16.0;7.0;0.05830219624653203
16.0;9.0;0.15723705911278046
16.0;8.0;-0.1806535109479829
16.0;6.0;-0.1160718378265374
16.0;3.0;0.15289166618580088
16.0;5.0;-0.1623882494398718
16.0;4.0;-0.03514356043498027
16.0;2.0;-0.01965187896321685
16.0;1.0;0.18060827436553353
16.0;0.0;0.08269182591687015
17.0;0.0;0.23440688928530481
17.0;2.0;-0.2692440101463679
17.0;3.0;0.027504079305748032
17.0;1.0;0.08084198106344631
17.0;4.0;0.0028175361133067423
17.0;6.0;0.07396078965779301
17.0;7.0;-0.26214826593121054
17.0;5.0;0.10871944930395198
17.0;8.0;-0.15069320172538012
17.0;10.0;0.10097298092382262
17.0;11.0;-0.052960176931446445
17.0;9.0;-0.3116736192866998
17.0;12.0;-0.007642771008690374
17.0;14.0;0.08803842868123872
17.0;15.0;-0.20319546324116275
17.0;13.0;0.1458900851651083
17.0;16.0;0.12424634506343213
17.0;18.0;0.022455379727036675
17.0;19.0;-0.16866042089933928
17.0;17.0;-0.15311652635495776
17.0;20.0;-0.2946294201847642
17.0;22.0;0.1603454698698158
17.0;23.0;0.0008800570958078988
17.0;21.0;-0.28857822849649306
17.0;24.0;0.018262857754071653
17.0;26.0;0.025513241850866578
17.0;27.0;0.0930639279812436
17.0;25.0;-0.07243912278838595
17.0;28.0;0.024180629120203256
17.0;30.0;-0.20213248975968873
17.0;31.0;0.06394601564547744
17.0;29.0;-0.05515959655409601
17.0;32.0;0.12982347511228082
17.0;34.0;0.03049749788730094
17.0;35.0;-0.08196440315981388
17.0;33.0;0.08490937387791467
17.0;36.0;0.2309978808900755
17.0;38.0;0.02314740129096773
17.0;39.0;-0.07283498050304117
17.0;37.0;0.01974929869076062
17.0;40.0;-0.03473004092745303
17.0;42.0;0.17219405658353926
17.0;43.0;-0.1777568503914781
17.0;41.0;0.014709531960838072
17.0;44.0;0.07580687310670153
17.0;46.0;0.07963117584370806
17.0;47.0;-0.22456080572514037
17.0;45.0;0.17661158193288737
17.0;49.0;0.0013897863984630963
17.0;48.0;0.035237813593198976
18.0;47.0;0.07854001762914985
18.0;49.0;0.007952311785557234
18.0;48.0;-0.185607609552275
18.0;46.0;-0.13069316261421657
18.0;43.0;0.14819514442104412
18.0;45.0;-0.023239495758564523
18.0;44.0;-0.038178536361475474
18.0;42.0;0.13062301382251007
18.0;39.0;-0.24288672643309683
18.0;41.0;0.0717096706075648
18.0;40.0;0.1281080610953363
18.0;38.0;-0.03926028851223512
18.0;35.0;0.16852779903514845
18.0;37.0;-0.17341312116975088
18.0;36.0;-0.0383200161595721
18.0;34.0;0.18562704998674853
18.0;31.0;-0.1126195390512421
18.0;33.0;0.06014408794189327
18.0;32.0;0.01796701251345987
18.0;30.0;-0.09490531828573708
18.0;27.0;-0.09605003221686682
18.0;29.0;-0.15737970382755898
18.0;28.0;-0.18899138408949961
18.0;26.0;-0.010897840264837883
18.0;23.0;-0.26764557452172755
18.0;25.0;-0.29880405845625935
18.0;24.0;0.009212048980132637
18.0;22.0;-0.05965852716068889
18.0;19.0;-0.14071274126106403
18.0;21.0;-0.028868884038171522
18.0;20.0;-0.061875687889666936
18.0;18.0;0.17789698959247432
18.0;15.0;0.2761720217275256
18.0;17.0;-0.048301752293721606
18.0;16.0;-0.15241462920156268
18.0;14.0;-0.22623196529172748
18.0;11.0;-0.20221006695879426
18.0;13.0;0.11036329887047897
18.0;12.0;0.15774370208384736
18.0;10.0;0.04031051210059002
18.0;7.0;-0.0662929040032042
18.0;9.0;-0.05264184401927669
18.0;8.0;0.11126205812609971
18.0;6.0;0.2002515464438253
18.0;3.0;-0.03892301118727406
18.0;5.0;-0.2241753596606336
18.0;4.0;0.18652402399266485
18.0;2.0;0.04309205819217616
18.0;1.0;0.13320144751675675
18.0;0.0;0.10097561394869276
19.0;0.0;0.06141875876568063
19.0;2.0;-0.060472027839542614
19.0;3.0;0.25305454037465747
19.0;1.0;0.16262226999836163
19.0;4.0;0.01703460935979566
19.0;6.0;0.022446403612539644
19.0;7.0;0.21126272609049873
19.0;5.0;-0.10136454448093168
19.0;8.0;0.037887914699843504
19.0;10.0;0.15269761403195137
19.0;11.0;0.16564984766228474
19.0;9.0;-0.13373480702010296
19.0;12.0;-0.006146694821729344
19.0;14.0;0.192488985762724
19.0;15.0;0.08325130178611508
19.0;13.0;-0.1358447721058836
19.0;16.0;0.21366964889999315
19.0;18.0;0.13711971942594017
19.0;19.0;0.04871313131337259
19.0;17.0;-0.12437710610234945
19.0;20.0;-0.07813814742079557
19.0;22.0;0.2776876816425003
19.0;23.0;0.1342048427973483
19.0;21.0;0.07877227681986554
19.0;24.0;-0.11237794627232342
19.0;26.0;0.21689221740782336
19.0;27.0;-0.09574244613700061
19.0;25.0;-0.11975540977712706
19.0;28.0;0.02959104135064504
19.0;30.0;-0.03489162751219608
19.0;31.0;0.12455632745231515
19.0;29.0;0.05219818754984479
19.0;32.0;0.1799860912473556
19.0;34.0;0.2559018409432697
19.0;35.0;-0.014734641730860233
19.0;33.0;-0.06601139637776865
19.0;36.0;-0.16650193617897702
19.0;38.0;-0.20157724326852183
19.0;39.0;0.1609012156708147
19.0;37.0;-0.061245692401118476
19.0;40.0;-0.22482488319682203
19.0;42.0;0.11267826992340396
19.0;43.0;0.17486434569922124
19.0;41.0;-0.13516563537062157
19.0;44.0;-0.09726561716899276
19.0;46.0;-0.183241932380724
19.0;47.0;0.07590627379919085
19.0;45.0;-0.2124354411123858
19.0;49.0;-0.11227651280195947
19.0;48.0;0.03895505022180322
20.0;47.0;0.06455241530378844
20.0;49.0;0.16935516180418403
20.0;48.0;-0.05863467860866271
20.0;46.0;-0.11122619744101589
20.0;43.0;-0.3053803265219751
20.0;45.0;-0.03337985851155957
20.0;44.0;-0.14375115506971864
20.0;42.0;0.013301883554119202
20.0;39.0;0.21968574863302406
20.0;41.0;-0.14791040581153053
20.0;40.0;0.10593957174385366
20.0;38.0;0.20450007966698558
20.0;35.0;0.19014810635810814
20.0;37.0;0.015957472066969406
20.0;36.0;-0.14045808604811552
20.0;34.0;-0.06715543001660396
20.0;31.0;0.11610324764741922
20.0;33.0;-0.06821635207687182
20.0;32.0;-0.013919711375759005
20.0;30.0;-0.010013904606123683
20.0;27.0;-0.015059960354536658
20.0;29.0;0.09223792056498312
20.0;28.0;0.21665790745539773
20.0;26.0;0.2939403119489518
20.0;23.0;-0.21573094344627144
20.0;25.0;0.18162587685345738
20.0;24.0;0.24161548873811634
20.0;22.0;0.15194530163138345
20.0;19.0;0.0014243045536561196
20.0;21.0;0.1575458501881046
20.0;20.0;-0.008896726029870865
20.0;18.0;0.05825400101866034
20.0;15.0;0.009023790410671676
20.0;17.0;0.1017352665088914
20.0;16.0;0.1446991147962034
20.0;14.0;-0.21600587796887313
20.0;11.0;-0.15948633235018198
20.0;13.0;0.22629341737224032
20.0;12.0;0.1463112608103399
20.0;10.0;0.21517672137817842
20.0;7.0;-0.05229965547832707
20.0;9.0;-0.08504048637522464
20.0;8.0;0.02696000924685248
20.0;6.0;0.01418988654739553
20.0;3.0;0.022010787981196933
20.0;5.0;0.05203551903027456
20.0;4.0;-0.14453850032474455
20.0;2.0;0.1732213801801216
20.0;1.0;0.043450738218955225
20.0;0.0;0.11511970441797399
21.0;0.0;0.13451205473907438
21.0;2.0;-0.21906623994560565
21.0;3.0;-0.1339285624312221
21.0;1.0;0.14043309574347237
21.0;4.0;0.014722816371758358
21.0;6.0;0.07618374471233928
21.0;7.0;-0.11169234557810119
21.0;5.0;0.03850707779804489
21.0;8.0;-0.18901531604166225
21.0;10.0;0.04627867089274366
21.0;11.0;0.09911442318839671
21.0;9.0;0.2081875754867145
21.0;12.0;0.25354600448167414
21.0;14.0;0.1699071764063403
21.0;15.0;-0.1258717045881807
21.0;13.0;-0.15323617160199351
21.0;16.0;-0.03843500158299518
21.0;18.0;0.11817345227217967
21.0;19.0;-0.11659111124217686
21.0;17.0;-0.035529485321095594
21.0;20.0;-0.018510947243643695
21.0;22.0;0.051254576151487485
21.0;23.0;-0.23019062842896792
21.0;21.0;0.1736785446196879
21.0;24.0;-0.018454122830221336
21.0;26.0;-0.18257525677754535
21.0;27.0;-0.07275110502869517
21.0;25.0;0.001650465500793731
21.0;28.0;-0.1831483430985395
21.0;30.0;0.43618319807749434
21.0;31.0;0.10894781306383988
21.0;29.0;-0.030278296138642573
21.0;32.0;0.09302532462730431
21.0;34.0;-0.02042996314567752
21.0;35.0;-0.07831316015515513
21.0;33.0;-0.1927705609920364
21.0;36.0;-0.2135067224094653
21.0;38.0;0.22800178014564834
21.0;39.0;-0.048806502839632324
21.0;37.0;-0.16300050214852896
21.0;40.0;-0.09432178665423642
21.0;42.0;0.03142405935300197
21.0;43.0;-0.17415788551163877
21.0;41.0;0.050519682634065574
21.0;44.0;0.06487219635059706
21.0;46.0;-0.059575990005557425
21.0;47.0;0.06323483108751654
21.0;45.0;0.017327949793056897
21.0;49.0;-0.02386466125516691
21.0;48.0;0.1628256646130372
22.0;47.0;0.09208046557862926
22.0;49.0;0.1722684856540754
22.0;48.0;0.07227054618022252
22.0;46.0;-0.11072104294784829
22.0;43.0;-0.13621527620814708
22.0;45.0;0.06286318664856119
22.0;44.0;-0.11915262789379794
22.0;42.0;-0.0005963418657989111
22.0;39.0;0.022527583681985815
22.0;41.0;-0.17430026930683623
22.0;40.0;0.14229721967354897
22.0;38.0;0.1721855918462537
22.0;35.0;0.05536380696505892
22.0;37.0;-0.03294199868581448
22.0;36.0;0.02798619254409361
22.0;34.0;0.13343101630032367
22.0;31.0;-0.037584821671798815
22.0;33.0;0.007952618196977963
22.0;32.0;-0.2947860379327135
22.0;30.0;0.024441745278938845
22.0;27.0;-0.21677175706175186
22.0;29.0;-0.2027998768332856
22.0;28.0;0.006927843962379179
22.0;26.0;-0.18786699703030424
22.0;23.0;0.12032031214654737
22.0;25.0;-0.18008423575315427
22.0;24.0;0.03053976452700852
22.0;22.0;-0.020027729075570926
22.0;19.0;0.15416838584561465
22.0;21.0;-0.1645002799256315
22.0;20.0;0.24051387609684333
22.0;18.0;-0.07178229679564975
22.0;15.0;-0.08729956269222189
22.0;17.0;-0.13675277253463755
22.0;16.0;0.09676974279455441
22.0;14.0;-0.22189716892655514
22.0;11.0;0.19535880857568363
22.0;13.0;-0.03236159047677034
22.0;12.0;-0.08402134145300637
22.0;10.0;0.07073549930711524
22.0;7.0;0.18736021995699959
22.0;9.0;0.013262943441655916
22.0;8.0;-0.1666104846647141
22.0;6.0;0.18671434964882314
22.0;3.0;0.2622458378812674
22.0;5.0;0.09983060354948568
22.0;4.0;0.12106491997852821
22.0;2.0;-0.15748085999470282
22.0;1.0;-0.20025029986191634
22.0;0.0;0.19297126187855562
23.0;0.0;0.23237132859827864
23.0;2.0;-0.2286585635754472
23.0;3.0;-0.1231150199741219
23.0;1.0;-0.07465521932492011
23.0;4.0;0.12280731820489622
23.0;6.0;-0.23532700265589185
23.0;7.0;0.12390904119898905
23.0;5.0;-0.09909576648756425
23.0;8.0;0.2060473727690655
23.0;10.0;-0.16118835891170938
23.0;11.0;0.12833644614948478
23.0;9.0;0.03418930783620562
23.0;12.0;0.11622839805928047
23.0;14.0;0.14487296181181294
23.0;15.0;-0.09804068006650674
23.0;13.0;0.10918188227087586
23.0;16.0;-0.12394002271839785
23.0;18.0;-0.08804323245190089
23.0;19.0;-0.14648647247093827
23.0;17.0;-0.018415231305582626
23.0;20.0;0.015602031762450046
23.0;22.0;0.08387230166510007
23.0;23.0;-0.157392351712835
23.0;21.0;-0.18535689336430033
23.0;24.0;-0.08457610374483879
23.0;26.0;0.16160536843413628
23.0;27.0;-0.16913666034545
23.0;25.0;0.16237303458184385
23.0;28.0;-0.1698763662673093
23.0;30.0;-0.0693000989387522
23.0;31.0;-0.1328072409776661
23.0;29.0;-0.04915373863013407
23.0;32.0;-0.007195289370079162
23.0;34.0;0.026762224843821986
23.0;35.0;0.09680607051263172
23.0;33.0;-0.21788847651202345
23.0;36.0;0.13276512045307812
23.0;38.0;0.09086980084240635
23.0;39.0;0.3368672240220536
23.0;37.0;0.24321375706515513
23.0;40.0;0.19165061285688348
23.0;42.0;0.0845910893144429
23.0;43.0;0.12559967438805106
23.0;41.0;0.09726019993931243
23.0;44.0;-0.11486932799940025
23.0;46.0;0.08547490391400045
23.0;47.0;0.17601715324499134
23.0;45.0;-0.06781404688904893
23.0;49.0;-0.005374543535395508
23.0;48.0;-0.024743121236431038
24.0;47.0;-0.11226000354807097
24.0;49.0;-0.027179869342951087
24.0;48.0;-0.04703170384521614
24.0;46.0;0.21590789858364234
24.0;43.0;0.029511616811432943
24.0;45.0;0.14602488823300322
24.0;44.0;-0.04458824708133399
24.0;42.0;-0.12476930491533206
24.0;39.0;0.22696549409486727
24.0;41.0;0.1779493053427854
24.0;40.0;-0.20663877850337056
24.0;38.0;0.056150615832548996
24.0;35.0;-0.14999341922762538
24.0;37.0;-0.025687905797953693
24.0;36.0;-0.047915919087826365
24.0;34.0;0.27358047559062604
24.0;31.0;0.06415390409115247
24.0;33.0;-0.024550131787183654
24.0;32.0;-0.01945559090080229
24.0;30.0;0.07218985310713961
24.0;27.0;-0.14637759047490184
24.0;29.0;-0.16199519681793165
24.0;28.0;0.16502379756654123
24.0;26.0;-0.14252413548827603
24.0;23.0;0.18004184213865956
24.0;25.0;-0.10375223914375287
24.0;24.0;0.1062500969933099
24.0;22.0;-0.056715292032826145
24.0;19.0;-0.13210483655864896
24.0;21.0;-0.1358190043243301
24.0;20.0;-0.21550740284827039
24.0;18.0;0.076730259009364
24.0;15.0;0.17507214572549018
24.0;17.0;0.09854398533852707
24.0;16.0;-0.19828941577866765
24.0;14.0;0.018851314249488885
24.0;11.0;-0.15361737419380223
24.0;13.0;0.051871963053141165
24.0;12.0;0.2463898707350307
24.0;10.0;0.18507385468799875
24.0;7.0;0.1811784641021234
24.0;9.0;0.13654127396225585
24.0;8.0;0.15142946091247117
24.0;6.0;-0.07354186949991225
24.0;3.0;0.07595211521470377
24.0;5.0;0.26830522573432103
24.0;4.0;-0.11895859574325139
24.0;2.0;0.13067362682353864
24.0;1.0;-0.12281840863640349
24.0;0.0;0.11023050896033716
25.0;0.0;0.23959405730191863
25.0;2.0;-0.0529987206967051
25.0;3.0;0.05104438960937224
25.0;1.0;-0.22192688786293888
25.0;4.0;0.0950455280350128
25.0;6.0;-0.15287046436439042
25.0;7.0;0.12253632315906392
25.0;5.0;-0.14048395002391653
25.0;8.0;-0.07660095798864726
25.0;10.0;0.2203895380195351
25.0;11.0;-0.15688159675897023
25.0;9.0;0.14673431975908213
25.0;12.0;-0.07448376918585979
25.0;14.0;-0.049684430137207365
25.0;15.0;0.02669472637329193
25.0;13.0;0.1793799566532503
25.0;16.0;-0.03260387469145423
25.0;18.0;-0.2957859960689331
25.0;19.0;-0.21084825071131533
25.0;17.0;0.10545180110731758
25.0;20.0;-0.054525719081396744
25.0;22.0;0.09117000081593944
25.0;23.0;0.05427528282136014
25.0;21.0;0.19508040659264833
25.0;24.0;-0.11326139648912062
25.0;26.0;-0.038569490750372484
25.0;27.0;0.3126121139897878
25.0;25.0;-0.048182843941529246
25.0;28.0;0.017107576100780213
25.0;30.0;0.03314176026108364
25.0;31.0;-0.209619463044534
25.0;29.0;0.00787725137398474
25.0;32.0;0.12330855221638146
25.0;34.0;0.06131871126939405
25.0;35.0;-0.23658168323051737
25.0;33.0;-0.0625092129879912
25.0;36.0;-0.1198617333255379
25.0;38.0;-0.25454224590933383
25.0;39.0;-0.011669772760802957
25.0;37.0;-0.01300713178636186
25.0;40.0;0.1534615893004032
25.0;42.0;-0.028462727167841595
25.0;43.0;-0.046480704282693686
25.0;41.0;-0.056987731444229875
25.0;44.0;0.1515950222520358
25.0;46.0;-0.22895553675067817
25.0;47.0;0.07171460693657578
25.0;45.0;0.11109036703089893
25.0;49.0;0.13220659087128844
25.0;48.0;0.15707547917087222
26.0;47.0;-0.10608028724323296
26.0;49.0;-0.2503476913123659
26.0;48.0;-0.2329453407961112
26.0;46.0;0.0006469698528126788
26.0;43.0;0.05465885870060124
26.0;45.0;-0.19388265191909054
26.0;44.0;-0.2519643757031237
26.0;42.0;0.03447130492647722
26.0;39.0;0.027078730878038533
26.0;41.0;-0.03561450784637437
26.0;40.0;-0.050329466467322864
26.0;38.0;-0.18689607125014526
26.0;35.0;-0.18618619130188915
26.0;37.0;-0.19786204805195098
26.0;36.0;0.2298119992963976
26.0;34.0;-0.08984232551116228
26.0;31.0;-0.15942228965042704
26.0;33.0;0.013217043359263563
26.0;32.0;-0.17608707920932443
26.0;30.0;0.07155201920000541
26.0;27.0;-0.24366143592423145
26.0;29.0;0.1131564203647108
26.0;28.0;-0.017937844003979173
26.0;26.0;-0.16667676156231603
26.0;23.0;0.05392645301346873
26.0;25.0;0.10807585077952657
26.0;24.0;0.1143472457202585
26.0;22.0;-0.007290188565359591
26.0;19.0;-0.06018459000474054
26.0;21.0;0.08652724302603648
26.0;20.0;0.0879558324679819
26.0;18.0;-0.18871713644083152
26.0;15.0;0.01822924251143712
26.0;17.0;-0.036359969267242775
26.0;16.0;0.08301746844175176
26.0;14.0;0.06590088700863975
26.0;11.0;-0.006519231166951132
26.0;13.0;0.23007332902004995
26.0;12.0;-0.00567447657640622
26.0;10.0;0.10527282366190685
26.0;7.0;0.03817100573141922
26.0;9.0;0.031810855371017445
26.0;8.0;-0.2062146654137982
26.0;6.0;0.1193448983477852
26.0;3.0;-0.19336791256129257
26.0;5.0;-0.14786522431492133
26.0;4.0;-0.2960739477513517
26.0;2.0;0.02231343861428047
26.0;1.0;0.10630962752111384
26.0;0.0;0.23084521041647077
27.0;0.0;0.16001600483379022
27.0;2.0;0.05423980972261556
27.0;3.0;0.19840423679473596
27.0;1.0;-0.043514093185141225
27.0;4.0;-0.2682059853475641
27.0;6.0;0.08800098073763034
27.0;7.0;-0.16393728518452041
27.0;5.0;0.09242966526284033
27.0;8.0;-0.19391490804633646
27.0;10.0;-0.06359556080090717
27.0;11.0;0.05171469425581263
27.0;9.0;0.17174608657886986
27.0;12.0;-0.07415248455294036
27.0;14.0;0.05037108166531047
27.0;15.0;-0.04229003714027291
27.0;13.0;0.0962425617188653
27.0;16.0;-0.17983867805532222
27.0;18.0;-0.01750358083631062
27.0;19.0;0.20115524794753165
27.0;17.0;-0.2211829759857065
27.0;20.0;-0.13843876637459168
27.0;22.0;-0.1324066361342183
27.0;23.0;-0.05015685965882016
27.0;21.0;0.13179789865406272
27.0;24.0;0.01731139926008922
27.0;26.0;-0.027716432791436305
27.0;27.0;0.11567957743316348
27.0;25.0;0.16511483998103407
27.0;28.0;-0.10858316734460077
27.0;30.0;0.012204738645040226
27.0;31.0;0.032034331671558045
27.0;29.0;-0.08338257031457719
27.0;32.0;0.04620495601436481
27.0;34.0;0.1285756819883877
27.0;35.0;0.30875863044597607
27.0;33.0;-0.18910042627083706
27.0;36.0;0.04669672805552286
27.0;38.0;-0.10079820743143089
27.0;39.0;0.1459708962410441
27.0;37.0;0.017358834991800784
27.0;40.0;-0.06959360135548909
27.0;42.0;0.07096079752055354
27.0;43.0;0.29497242207006613
27.0;41.0;-0.09822601326964885
27.0;44.0;0.26576806328043623
27.0;46.0;-0.06191310259050799
27.0;47.0;-0.07387692106423036
27.0;45.0;0.07096480470025243
27.0;49.0;0.21839060914497355
27.0;48.0;-0.2429975826767741
28.0;47.0;-0.047282133443951185
28.0;49.0;-0.0658030719563246
28.0;48.0;0.3436568076558312
28.0;46.0;-0.00561698012789192
28.0;43.0;0.15936422704418654
28.0;45.0;-0.18725839542969352
28.0;44.0;0.05352210575988147
28.0;42.0;-0.019469961230518647
28.0;39.0;-0.09651389281513408
28.0;41.0;-0.07714350431647791
28.0;40.0;0.18361380146288916
28.0;38.0;-0.24217803922953607
28.0;35.0;-0.2543412198378436
28.0;37.0;0.19819330215235695
28.0;36.0;-0.14018394680488538
28.0;34.0;-0.023562720538228655
28.0;31.0;-0.16272990125148964
28.0;33.0;-0.16132270338187082
28.0;32.0;-0.17867057023032912
28.0;30.0;-0.06676418338543945
28.0;27.0;0.011953357716923308
28.0;29.0;0.04971601216836531
28.0;28.0;-0.014032538383727864
28.0;26.0;-0.006993479637166303
28.0;23.0;-0.08921283640608471
28.0;25.0;0.11473344926212523
28.0;24.0;0.17568821156936407
28.0;22.0;-0.1617523013557321
28.0;19.0;0.03849348639983183
28.0;21.0;-0.03355886465233436
28.0;20.0;0.07006635469610956
28.0;18.0;0.1304302328860868
28.0;15.0;-0.07989580009167181
28.0;17.0;0.12000790081529328
28.0;16.0;-0.13386654146373614
28.0;14.0;0.027220874009755203
28.0;11.0;-0.016646075492114214
28.0;13.0;0.11151424625849717
28.0;12.0;0.2910869294335482
28.0;10.0;-0.052214827074371695
28.0;7.0;-0.06781013813867101
28.0;9.0;-0.18159433276099432
28.0;8.0;0.03129744221360396
28.0;6.0;0.18054248063563347
28.0;3.0;0.3130556268186686
28.0;5.0;0.21041482049718507
28.0;4.0;-0.06186248920490674
28.0;2.0;-0.048708993818991894
28.0;1.0;0.16157164626601248
28.0;0.0;0.003197820397466072
29.0;0.0;0.05912803028971189
29.0;2.0;0.0612134105215598
29.0;3.0;-0.1237981812157417
29.0;1.0;0.08800573076468587
29.0;4.0;0.08925071633767147
29.0;6.0;-0.01058484937660425
29.0;7.0;0.05610637200049189
29.0;5.0;0.15943090605937849
29.0;8.0;-0.04087336236642898
29.0;10.0;0.18510241307996053
29.0;11.0;-0.06188875863510933
29.0;9.0;0.04462281230775059
29.0;12.0;-0.08151184394233206
29.0;14.0;0.22768385638424193
29.0;15.0;-0.07355330023253674
29.0;13.0;-0.023165960553323494
29.0;16.0;0.015837383524839092
29.0;18.0;0.17508661113160748
29.0;19.0;0.3160542400177807
29.0;17.0;0.15371300717474973
29.0;20.0;0.25756614674455364
29.0;22.0;0.1942139660986761
29.0;23.0;-0.2592936784464355
29.0;21.0;0.11831990025840608
29.0;24.0;-0.11305072595103462
29.0;26.0;-0.04533506764852918
29.0;27.0;0.19351643971191168
29.0;25.0;-0.03851751405960954
29.0;28.0;-0.07067953986567596
29.0;30.0;-0.12191503381504795
29.0;31.0;-0.12110861112361804
29.0;29.0;0.15383577048249297
29.0;32.0;-0.060239653959171496
29.0;34.0;0.378194029324041
29.0;35.0;-0.04405756395705481
29.0;33.0;-0.10326216998676353
29.0;36.0;0.1618219813338515
29.0;38.0;-0.05716272171292173
29.0;39.0;-0.11261696634365266
29.0;37.0;0.011711597257496436
29.0;40.0;0.029335536323579478
29.0;42.0;-0.0662417690695303
29.0;43.0;-0.03518004393922344
29.0;41.0;0.06888292156350515
29.0;44.0;-0.2130919353283826
29.0;46.0;0.2526030817388902
29.0;47.0;-0.07256158772992913
29.0;45.0;0.11347655773280678
29.0;49.0;0.17560989543737
29.0;48.0;-0.06491858508283095
30.0;47.0;-0.10194430450966288
30.0;49.0;-0.04185057779904399
30.0;48.0;-0.10390803089295012
30.0;46.0;0.011672070141410997
30.0;43.0;0.08214389995714853
30.0;45.0;0.26182179371653597
30.0;44.0;0.03694232926571288
30.0;42.0;0.14163793732939192
30.0;39.0;-0.2315407070497461
30.0;41.0;-0.17236248417518718
30.0;40.0;0.009302136751894877
30.0;38.0;-0.05032799289404464
30.0;35.0;0.003782538040738999
30.0;37.0;-0.10320734517375782
30.0;36.0;-0.005262222664200827
30.0;34.0;0.1135867355480125
30.0;31.0;0.2234954117983446
30.0;33.0;-0.1303003852846051
30.0;32.0;0.17593600074562693
30.0;30.0;0.10190539814472221
30.0;27.0;0.12094732725138779
30.0;29.0;-0.08470579361753
30.0;28.0;-0.15148058975227358
30.0;26.0;0.14344773788692994
30.0;23.0;0.14239774330007773
30.0;25.0;0.0462404037859534
30.0;24.0;0.34587874216970815
30.0;22.0;-0.23771172753263886
30.0;19.0;-0.005999493670295229
30.0;21.0;-0.11246574866410862
30.0;20.0;0.24146112312135404
30.0;18.0;-0.010574901038360408
30.0;15.0;-0.03828669253205949
30.0;17.0;0.25214063041052864
30.0;16.0;0.30156530516919416
30.0;14.0;0.08484886956270844
30.0;11.0;0.11516018016101967
30.0;13.0;0.05660792157659429
30.0;12.0;0.1706633384757568
30.0;10.0;-0.1508239240402972
30.0;7.0;0.14514521931922997
30.0;9.0;-0.048115668636280536
30.0;8.0;0.09980284779447059
30.0;6.0;-0.08248423726371103
30.0;3.0;-0.08018596153006873
30.0;5.0;-0.08366761169791571
30.0;4.0;0.02638969158584344
30.0;2.0;0.06526636929298482
30.0;1.0;-0.08850992435672396
30.0;0.0;0.1718348118625592
31.0;0.0;0.10879270397195424
31.0;2.0;-0.02757020886107277
31.0;3.0;-0.0883213057131495
31.0;1.0;0.18553897744504474
31.0;4.0;0.06451238383080468
31.0;6.0;0.15246642072943667
31.0;7.0;0.05201692693007489
31.0;5.0;-0.14742287733003023
31.0;8.0;-0.25623753492410684
31.0;10.0;0.02952045700799057
31.0;11.0;-0.22820184899835247
31.0;9.0;0.1402566177140524
31.0;12.0;-0.16503984143945866
31.0;14.0;-0.05248769378935527
31.0;15.0;-0.09818282763973415
31.0;13.0;-0.05109511476570274
31.0;16.0;0.04890881796769719
31.0;18.0;-0.1472577233507318
31.0;19.0;-0.018470345577990988
31.0;17.0;0.2280136666340294
31.0;20.0;0.0038286355718113356
31.0;22.0;-0.06594971331176859
31.0;23.0;0.04199927193478022
31.0;21.0;-0.08524293009429039
31.0;24.0;0.076754383383271
31.0;26.0;0.0027050514540909974
31.0;27.0;-0.01909901339570263
31.0;25.0;-0.028852126446758875
31.0;28.0;0.1124731546775817
31.0;30.0;-0.2681216103899974
31.0;31.0;0.262689320686052
31.0;29.0;0.020537592734908433
31.0;32.0;-0.20108299407303615
31.0;34.0;-0.011959555102491243
31.0;35.0;-0.02317988191398062
31.0;33.0;-0.22741342010269
31.0;36.0;-0.15727294207236425
31.0;38.0;0.09888655654603547
31.0;39.0;-0.07372241150369421
31.0;37.0;0.28045476684638965
31.0;40.0;-0.27806063304336814
31.0;42.0;0.14672122887239908
31.0;43.0;0.16558828528321878
31.0;41.0;0.27351921085197456
31.0;44.0;0.030909068535868618
31.0;46.0;-0.025162293338852143
31.0;47.0;0.21540402735643097
31.0;45.0;-0.0005993845647145725
31.0;49.0;0.027092449575279887
31.0;48.0;0.026680884557557297
32.0;47.0;0.13039856826226864
32.0;49.0;0.007915615405270096
32.0;48.0;-0.21339389493768107
32.0;46.0;-0.17074485666118155
32.0;43.0;-0.03927989648803796
32.0;45.0;0.1485365378166685
32.0;44.0;-0.07163745097235322
32.0;42.0;-0.09173267205453833
32.0;39.0;-0.20372484346492178
32.0;41.0;-0.21583971323038242
32.0;40.0;-0.1754882890915865
32.0;38.0;0.04330833418101569
32.0;35.0;0.13366962508504573
32.0;37.0;-0.0977873215506842
32.0;36.0;0.2578954262784616
32.0;34.0;-0.17244049917319493
32.0;31.0;-0.03774141815412366
32.0;33.0;-0.18157442605349905
32.0;32.0;-0.1275978298658001
32.0;30.0;-0.09142563237777154
32.0;27.0;-0.06135080373282909
32.0;29.0;0.24126426205498078
32.0;28.0;0.18008478179794957
32.0;26.0;0.036927602795236485
32.0;23.0;0.09216378561658164
32.0;25.0;-0.013357983405962727
32.0;24.0;-0.25838919668635957
32.0;22.0;-0.12535992658060177
32.0;19.0;-0.16500088086983541
32.0;21.0;0.0785476281255156
32.0;20.0;0.06031895377279907
32.0;18.0;-0.05206131259007886
32.0;15.0;0.08237796212662007
32.0;17.0;0.17254890924858376
32.0;16.0;-0.08146927094028564
32.0;14.0;0.13857292639177576
32.0;11.0;-0.10349155375249189
32.0;13.0;-0.20286108278827283
32.0;12.0;0.1816556516279913
32.0;10.0;0.014202243192257123
32.0;7.0;-0.15060343113552213
32.0;9.0;0.014190638336332492
32.0;8.0;0.1666872694040009
32.0;6.0;-0.06948584046685015
32.0;3.0;0.25197631969874795
32.0;5.0;0.1401010709672471
32.0;4.0;0.04352353201519462
32.0;2.0;-0.18724727371371444
32.0;1.0;0.03162233015574338
32.0;0.0;0.1300805504659515
33.0;0.0;0.20180181446260329
33.0;2.0;0.09490997916984441
33.0;3.0;-0.13485177407886378
33.0;1.0;-0.1943674438392778
33.0;4.0;0.08924414880442663
33.0;6.0;0.07741448562947137
33.0;7.0;-0.1365029334128329
33.0;5.0;0.20551428802682625
33.0;8.0;0.223745205873777
33.0;10.0;-0.0797392691576271
33.0;11.0;0.15383204294901226
33.0;9.0;-0.0809948748690101
33.0;12.0;0.07891920114113872
33.0;14.0;-0.18744729361951276
33.0;15.0;-0.10726214255249882
33.0;13.0;0.09705424990357404
33.0;16.0;0.1993690560234396
33.0;18.0;-0.03774833066023796
33.0;19.0;0.05054021922097686
33.0;17.0;0.11426556885413947
33.0;20.0;-0.061618964855687644
33.0;22.0;-0.10470856352856463
33.0;23.0;-0.06654336243470807
33.0;21.0;0.2012192315671259
33.0;24.0;-0.021281243826747315
33.0;26.0;-0.227563478479486
33.0;27.0;0.09462613222901736
33.0;25.0;-0.176110833981493
33.0;28.0;-0.054989518852889954
33.0;30.0;-0.05431792926572903
33.0;31.0;-0.031018469408545097
33.0;29.0;0.07925876104820459
33.0;32.0;0.04911102580719777
33.0;34.0;0.07645670669314297
33.0;35.0;0.013942105025062119
33.0;33.0;0.09908319522052336
33.0;36.0;0.11298704811780211
33.0;38.0;-0.060876059757803275
33.0;39.0;0.09483725863109332
33.0;37.0;0.08012788596888766
33.0;40.0;-0.31348365794087224
33.0;42.0;0.11961599899086398
33.0;43.0;-0.09086080265374286
33.0;41.0;-0.0714908564606383
33.0;44.0;0.196319216016837
33.0;46.0;0.14839974684310334
33.0;47.0;0.3219984708570157
33.0;45.0;-0.32196661549489747
33.0;49.0;-0.06785475768406085
33.0;48.0;0.006334584890795601
34.0;47.0;0.060916066866265245
34.0;49.0;0.20600988708516937
34.0;48.0;0.05811320682120491
34.0;46.0;-0.017391185958117367
34.0;43.0;0.22226898057308841
34.0;45.0;0.01777801545673054
34.0;44.0;-0.20631712605741703
34.0;42.0;-0.09354287180137867
34.0;39.0;-0.02738586252121156
34.0;41.0;0.032998616009965745
34.0;40.0;-0.08197332625202267
34.0;38.0;-0.03392123058087833
34.0;35.0;-0.041049994764654894
34.0;37.0;-0.2215949832770857
34.0;36.0;-0.11140813239236003
34.0;34.0;-0.1815363520861428
34.0;31.0;-0.1729690506046248
34.0;33.0;0.07238489746786589
34.0;32.0;0.11080222969249995
34.0;30.0;-0.18565222112267785
34.0;27.0;-0.07912728132307932
34.0;29.0;-0.2457975027150603
34.0;28.0;-0.14618768822853528
34.0;26.0;0.04803859999700148
34.0;23.0;0.3373435037631646
34.0;25.0;0.10514333425806369
34.0;24.0;0.13522607772834067
34.0;22.0;0.21292316815935247
34.0;19.0;-0.002185032005924844
34.0;21.0;0.10121595370688133
34.0;20.0;0.03561178072160177
34.0;18.0;0.1597765351963981
34.0;15.0;-0.17326551287006267
34.0;17.0;0.09942442316723168
34.0;16.0;0.03795085308762904
34.0;14.0;-0.17814091074407154
34.0;11.0;0.034271344363546244
34.0;13.0;0.04525672769566793
34.0;12.0;-0.09724084575788453
34.0;10.0;-0.012963395660738508
34.0;7.0;-0.2646475031616682
34.0;9.0;0.2348842782587352
34.0;8.0;0.14096943532842224
34.0;6.0;-0.09140170639653539
34.0;3.0;-0.08064708534317055
34.0;5.0;0.21195833648881532
34.0;4.0;0.06565815948851413
34.0;2.0;-0.08915932390488925
34.0;1.0;0.18083546462007732
34.0;0.0;0.09864169544800426
35.0;0.0;0.22122506787339802
35.0;2.0;0.014087505309888166
35.0;3.0;0.07158660071322065
35.0;1.0;0.04803811918805635
35.0;4.0;-0.3245104181799004
35.0;6.0;-0.14284489343244502
35.0;7.0;0.07907325619806416
35.0;5.0;-0.06757271469773514
35.0;8.0;0.11476502311923384
35.0;10.0;0.1006650271943965
35.0;11.0;-0.031245006805980927
35.0;9.0;-0.038390101646521096
35.0;12.0;-0.12431289110379788
35.0;14.0;-0.2860353252336886
35.0;15.0;0.08297430165912882
35.0;13.0;-0.1904529258658197
35.0;16.0;-0.13135624745087682
35.0;18.0;-0.12339308724030426
35.0;19.0;0.13327384719079774
35.0;17.0;-0.11524672091734939
35.0;20.0;-0.10599849423830984
35.0;22.0;-0.08997374326160576
35.0;23.0;-0.0020846647281175658
35.0;21.0;-0.00769582548257996
35.0;24.0;0.007635960784238248
35.0;26.0;0.09882265449215283
35.0;27.0;-0.16222786218947682
35.0;25.0;0.08720034052259905
35.0;28.0;-0.24949071547938442
35.0;30.0;-0.05150896191524736
35.0;31.0;0.026710134976056482
35.0;29.0;0.36015131421112556
35.0;32.0;0.13989700709033348
35.0;34.0;0.08083696545457707
35.0;35.0;-0.09187423628642671
35.0;33.0;0.04309369894813294
35.0;36.0;0.051951082532117665
35.0;38.0;0.18985053588899198
35.0;39.0;-0.20770767538392287
35.0;37.0;-0.10342626895408097
35.0;40.0;0.016792404159800413
35.0;42.0;0.09391995057808514
35.0;43.0;0.048949694408900804
35.0;41.0;-0.02908299014775504
35.0;44.0;-0.0031782922001979685
35.0;46.0;0.22241102511909636
35.0;47.0;0.12100601982940526
35.0;45.0;0.09058138170370092
35.0;49.0;0.034071059553711286
35.0;48.0;0.3223599392870453
36.0;47.0;-0.029308217084164874
36.0;49.0;-0.03868935423134159
36.0;48.0;-0.012984688042985125
36.0;46.0;-0.16935267532682657
36.0;43.0;-0.07502192546305317
36.0;45.0;-0.09739345697745581
36.0;44.0;0.020203515032385447
36.0;42.0;-0.024750162009160408
36.0;39.0;0.1918196807857643
36.0;41.0;0.36584333878360065
36.0;40.0;0.1569838422421898
36.0;38.0;0.14929912569699416
36.0;35.0;-0.13583788519188583
36.0;37.0;-0.08731894045445145
36.0;36.0;0.2247667994045432
36.0;34.0;-0.022999390155147653
36.0;31.0;-0.060673292943197094
36.0;33.0;-0.06960758196025871
36.0;32.0;-0.09874373742078899
36.0;30.0;0.06937607593474418
36.0;27.0;0.08907823680379526
36.0;29.0;0.2344411471977809
36.0;28.0;-0.23291379650157845
36.0;26.0;0.27267599366954887
36.0;23.0;0.24425415360613675
36.0;25.0;-0.08627689333719844
36.0;24.0;0.10330566445983427
36.0;22.0;-0.19550799958916618
36.0;19.0;0.03250044584193958
36.0;21.0;0.15663606401028107
36.0;20.0;-0.12493882243401677
36.0;18.0;0.2856521007763828
36.0;15.0;0.10868357407722926
36.0;17.0;-0.033219982269239154
36.0;16.0;0.14387766704675703
36.0;14.0;0.04867353987714319
36.0;11.0;-0.13353256109811673
36.0;13.0;-0.048831997018984205
36.0;12.0;-0.08896557272127693
36.0;10.0;-0.13996011365693706
36.0;7.0;-0.0034719301081186527
36.0;9.0;0.022006587153302944
36.0;8.0;-0.15512407757386398
36.0;6.0;0.0683602864239534
36.0;3.0;0.0968980189811571
36.0;5.0;0.09940804645765831
36.0;4.0;0.1896326570968153
36.0;2.0;0.057759599330693884
36.0;1.0;-0.12191950127374748
36.0;0.0;0.13494122222354998
37.0;0.0;0.23339256439347658
37.0;2.0;0.05196364368656097
37.0;3.0;-0.08056486625567047
37.0;1.0;0.03426173216489336
37.0;4.0;-0.12179302941643538
37.0;6.0;0.01664153320898151
37.0;7.0;-0.011077169597522767
37.0;5.0;-0.08254152472910609
37.0;8.0;0.12326810964849874
37.0;10.0;-0.13432170658346515
37.0;11.0;-0.041080670215786735
37.0;9.0;-0.028898669341620283
37.0;12.0;-0.31352307004484803
37.0;14.0;0.09110865582733138
37.0;15.0;0.14072925666319575
37.0;13.0;-0.14203471195018155
37.0;16.0;0.006145345100209931
37.0;18.0;0.1753331280427831
37.0;19.0;-0.10791621896671173
37.0;17.0;-0.008779297792943369
37.0;20.0;0.1793249522636618
37.0;22.0;-0.010788477240492072
37.0;23.0;-0.1732677242426728
37.0;21.0;-0.14906289725739533
37.0;24.0;0.049568322433582813
37.0;26.0;0.11738857937481922
37.0;27.0;-0.13431555063236666
37.0;25.0;-0.25524863054154795
37.0;28.0;0.16640343684576453
37.0;30.0;0.052590949089174985
37.0;31.0;-0.009356241846968209
37.0;29.0;-0.08119626863434068
37.0;32.0;-0.058489124565765
37.0;34.0;-0.23638486632260014
37.0;35.0;-0.10776993824802555
37.0;33.0;-0.2087091362315039
37.0;36.0;-0.004647503455284762
37.0;38.0;-0.2322252575657782
37.0;39.0;0.1309411119879848
37.0;37.0;-0.17327138705296374
37.0;40.0;-0.05259748524890866
37.0;42.0;-0.07163722306180338
37.0;43.0;-0.11131211788772838
37.0;41.0;-0.06682538623960732
37.0;44.0;0.270232422428502
37.0;46.0;0.1919853937256188
37.0;47.0;-0.07111225729451466
37.0;45.0;-0.09104413913856396
37.0;49.0;0.31220557136465343
37.0;48.0;0.07841534707837268
38.0;47.0;-0.21720791636518808
38.0;49.0;-0.05983273098124728
38.0;48.0;0.20419949886007105
38.0;46.0;-0.11927303609666287
38.0;43.0;-0.202241173896483
38.0;45.0;-0.157320020053421
38.0;44.0;-0.08957516537374606
38.0;42.0;0.044653091807095716
38.0;39.0;-0.10853717164054423
38.0;41.0;-0.00672375390442189
38.0;40.0;0.1110765428001784
38.0;38.0;-0.18712281843249653
38.0;35.0;0.22263256274836554
38.0;37.0;0.08746231072842141
38.0;36.0;-0.06657906487763236
38.0;34.0;0.025912684243546077
38.0;31.0;0.004807983688084414
38.0;33.0;0.059929497227953224
38.0;32.0;0.15357926178135142
38.0;30.0;-0.24652150309025953
38.0;27.0;-0.19190636491306848
38.0;29.0;0.050495013459964856
38.0;28.0;0.23194560371143821
38.0;26.0;-0.08982909203630883
38.0;23.0;0.0364121751161754
38.0;25.0;0.1173704504552291
38.0;24.0;0.019746645842061795
38.0;22.0;-0.20458454262061446
38.0;19.0;0.21763570738775145
38.0;21.0;-0.06555563612610438
38.0;20.0;-0.16443709033294265
38.0;18.0;0.17818032918510154
38.0;15.0;0.15062354658029994
38.0;17.0;0.10379204378765723
38.0;16.0;-0.043187145374071305
38.0;14.0;0.1026277854996652
38.0;11.0;0.1495461446450769
38.0;13.0;-0.11764890933721157
38.0;12.0;0.04791371727471749
38.0;10.0;0.06865268978081294
38.0;7.0;-0.1251020371890177
38.0;9.0;0.2744288229193368
38.0;8.0;-0.09885119737392481
38.0;6.0;-0.08703747332593302
38.0;3.0;-0.17444450100849596
38.0;5.0;-0.10780124039025452
38.0;4.0;0.11056847972671936
38.0;2.0;-0.02460888800341319
38.0;1.0;-0.18188326537014005
38.0;0.0;0.23192379302418012
39.0;0.0;0.1738026038076972
39.0;2.0;0.03699202719947594
39.0;3.0;-0.22409758390781728
39.0;1.0;-0.03358913325076827
39.0;4.0;0.1760134832077399
39.0;6.0;-0.07062908466537765
39.0;7.0;0.19379628253120243
39.0;5.0;0.14090432055775093
39.0;8.0;-0.0782157320442311
39.0;10.0;0.0030674565397135803
39.0;11.0;-0.01063780862593838
39.0;9.0;-0.15970883994471236
39.0;12.0;-0.2069737653146999
39.0;14.0;-0.15827559268854455
39.0;15.0;-0.03807264626692661
39.0;13.0;-0.045585124846376286
39.0;16.0;0.018087706061670414
39.0;18.0;0.3300038809908613
39.0;19.0;-0.14691936949227383
39.0;17.0;-0.16428340143781936
39.0;20.0;-0.08085751935549636
39.0;22.0;-0.041913057857887036
39.0;23.0;-0.1297336341478135
39.0;21.0;0.02861445110309731
39.0;24.0;-0.03664981059482399
39.0;26.0;-0.07452022917998684
39.0;27.0;0.06872297260536811
39.0;25.0;0.2758381498940436
39.0;28.0;0.055288659425601586
39.0;30.0;-0.09331523368457458
39.0;31.0;-0.027636014183803848
39.0;29.0;0.04896953193744087
39.0;32.0;-0.2262193128096011
39.0;34.0;-0.0033912480586986383
39.0;35.0;0.06630500272474399
39.0;33.0;-0.046923202990574314
39.0;36.0;-0.15928428160944166
39.0;38.0;-0.03945844340900162
39.0;39.0;0.046001807513497334
39.0;37.0;-0.10250058911558918
39.0;40.0;-0.058077600073799425
39.0;42.0;-0.18757893842976905
39.0;43.0;0.14773062726410396
39.0;41.0;-0.2127644820577477
39.0;44.0;0.09267998501851522
39.0;46.0;-0.023885725176369006
39.0;47.0;0.05878705602649048
39.0;45.0;0.2738903502904316
39.0;49.0;-0.3775199571230576
39.0;48.0;0.03178634749978573
40.0;47.0;0.01021108436570483
40.0;49.0;0.026956485612123007
40.0;48.0;0.1180301671275213
40.0;46.0;0.11225711427328525
40.0;43.0;-0.18748795630259224
40.0;45.0;0.2628437212254939
40.0;44.0;-0.004461071391567539
40.0;42.0;-0.2216252021761232
40.0;39.0;-0.07729794394315043
40.0;41.0;0.12434159243151624
40.0;40.0;-0.1430424285945788
40.0;38.0;-0.1033692438508822
40.0;35.0;0.20592946973025766
40.0;37.0;0.20282536894671144
40.0;36.0;-0.041871001257089424
40.0;34.0;-0.2542200475665534
40.0;31.0;-0.13930511398551254
40.0;33.0;-0.1263931296856666
40.0;32.0;-0.02023816996040234
40.0;30.0;-0.16703603072418005
40.0;27.0;-0.09520217810925777
40.0;29.0;0.029206206374592397
40.0;28.0;-0.18073104529485384
40.0;26.0;-0.053443922307309544
40.0;23.0;0.09461309316774388
40.0;25.0;-0.23905464848604105
40.0;24.0;0.006142833205339947
40.0;22.0;-0.04082180078143975
40.0;19.0;-0.0063745456490429744
40.0;21.0;0.14568135485040848
40.0;20.0;-0.00988759811666438
40.0;18.0;0.0002512085010706311
40.0;15.0;-0.062241214618445395
40.0;17.0;-0.30620001325499935
40.0;16.0;0.13764087527693258
40.0;14.0;0.09854033001160055
40.0;11.0;0.13417641886040957
40.0;13.0;0.1927069271797144
40.0;12.0;0.22859615475157222
40.0;10.0;0.039116210148384505
40.0;7.0;0.12454096472603138
40.0;9.0;0.009653321080687637
40.0;8.0;-0.04512181699060765
40.0;6.0;-0.1165235017526414
40.0;3.0;0.09195852968733383
40.0;5.0;-0.14349387345468198
40.0;4.0;0.02425664174864937
40.0;2.0;0.3018633471514892
40.0;1.0;0.17236802630826734
40.0;0.0;0.039513118425194435
41.0;0.0;0.07416176159084863
41.0;2.0;0.2124658802523149
41.0;3.0;0.028461532706995096
41.0;1.0;0.16599506167153769
41.0;4.0;0.12742350872052588
41.0;6.0;-0.14379598109632857
41.0;7.0;-0.04288817619633915
41.0;5.0;0.056970295247141964
41.0;8.0;-0.2690305121019504
41.0;10.0;-0.12900133611068199
41.0;11.0;-0.14384707521563436
41.0;9.0;0.04496632658886985
41.0;12.0;0.058221927467418354
41.0;14.0;0.004869227434427087
41.0;15.0;0.1646119984035494
41.0;13.0;0.01558603152361155
41.0;16.0;0.12309644322783109
41.0;18.0;-0.13885184540208018
41.0;19.0;0.16516299456198347
41.0;17.0;0.2463260527739066
41.0;20.0;-0.2781055510511287
41.0;22.0;-0.04924684558078562
41.0;23.0;-0.11103817329940402
41.0;21.0;-0.10204611225243715
41.0;24.0;-0.2922346326660518
41.0;26.0;0.16685765984019157
41.0;27.0;-0.02031402035517678
41.0;25.0;-0.01112855036583284
41.0;28.0;-0.21591318745465132
41.0;30.0;0.14918011654354627
41.0;31.0;0.08537119515583293
41.0;29.0;-0.29014237320220865
41.0;32.0;-0.15594052628313437
41.0;34.0;-0.07274955042954324
41.0;35.0;-0.03229576739954064
41.0;33.0;0.11318876818105116
41.0;36.0;0.12378227463774173
41.0;38.0;-0.049008153330691584
41.0;39.0;0.08242968925318916
41.0;37.0;-0.012131984302708577
41.0;40.0;-0.05404946037695265
41.0;42.0;-0.04356458597502188
41.0;43.0;0.028165231497316097
41.0;41.0;-0.3193540278273466
41.0;44.0;-0.13668680249852694
41.0;46.0;0.09510813112542649
41.0;47.0;0.008877586772122241
41.0;45.0;-0.015635934923678048
41.0;49.0;0.003342027622713503
41.0;48.0;0.183558124237516
42.0;47.0;-0.19457683871136483
42.0;49.0;0.15522624025944903
42.0;48.0;0.04524128949893788
42.0;46.0;-0.08311199671782646
42.0;43.0;0.17762058778927234
42.0;45.0;-0.2852403866581393
42.0;44.0;0.1085241032390559
42.0;42.0;-0.21879782644876347
42.0;39.0;-0.13749156299137028
42.0;41.0;0.12962901241060998
42.0;40.0;-0.03054925342438784
42.0;38.0;-0.026464387059900528
42.0;35.0;0.05008586680412708
42.0;37.0;-0.2515319768122186
42.0;36.0;0.03399837808271215
42.0;34.0;-0.047188890043520726
42.0;31.0;0.2942924766787328
42.0;33.0;0.007786072934875625
42.0;32.0;-0.030234814015315206
42.0;30.0;-0.04136322371107859
42.0;27.0;-0.00016815225873778247
42.0;29.0;0.185395494000828
42.0;28.0;0.08240902871644039
42.0;26.0;-0.11223444456164561
42.0;23.0;-0.0736858300483409
42.0;25.0;0.053794490017567795
42.0;24.0;-0.0026628437155095316
42.0;22.0;0.23786096114140493
42.0;19.0;0.12980954968829275
42.0;21.0;-0.11068889676150492
42.0;20.0;0.05753099164962981
42.0;18.0;-0.16406289406898472
42.0;15.0;-0.0879352429029237
42.0;17.0;-0.2289710019553025
42.0;16.0;0.05088782611883316
42.0;14.0;-0.09598557912047487
42.0;11.0;-0.2208027707642896
42.0;13.0;0.0715588340068227
42.0;12.0;0.2858105846921252
42.0;10.0;-0.21593790130829396
42.0;7.0;0.16082344879194538
42.0;9.0;-0.002840371094242705
42.0;8.0;-0.016621116048343782
42.0;6.0;-0.19010856696371936
42.0;3.0;-0.015928506161343024
42.0;5.0;0.09005483864897088
42.0;4.0;0.20043896300396535
42.0;2.0;0.007011019744639383
42.0;1.0;-0.06333115699661972
42.0;0.0;0.11702240678784345
43.0;0.0;0.05014337818632312
43.0;2.0;-0.03242522730075257
43.0;3.0;0.17321083884582045
43.0;1.0;0.1791231035249817
43.0;4.0;-0.020474350604799706
43.0;6.0;-0.09275669253617586
43.0;7.0;0.2978903268880534
43.0;5.0;-0.08799265060172078
43.0;8.0;0.09729789035595875
43.0;10.0;-0.18337894407884514
43.0;11.0;-0.22458595314829974
43.0;9.0;-0.08694076670151356
43.0;12.0;-0.1377773217730514
43.0;14.0;-0.0554424730320659
43.0;15.0;-0.2637500992515933
43.0;13.0;-0.14573946765471252
43.0;16.0;-0.09407467464269426
43.0;18.0;0.1303092943009438
43.0;19.0;0.04737307906083354
43.0;17.0;0.14544973581201126
43.0;20.0;-0.18246005100892604
43.0;22.0;0.09807807732400466
43.0;23.0;-0.007488090577957549
43.0;21.0;0.22379948013073955
43.0;24.0;0.2105374088267564
43.0;26.0;-0.2417494314113019
43.0;27.0;-0.05152968642157239
43.0;25.0;0.054298973889865244
43.0;28.0;0.11341372266232583
43.0;30.0;0.21745624187802762
43.0;31.0;0.023091495319756624
43.0;29.0;-0.1804025131949869
43.0;32.0;0.07738752999100254
43.0;34.0;-0.016064175424205192
43.0;35.0;0.20404178977749612
43.0;33.0;0.03727051544149471
43.0;36.0;0.32697446202532515
43.0;38.0;-0.20866379833910198
43.0;39.0;-0.05347764860063809
43.0;37.0;0.06800903745794351
43.0;40.0;0.06481292056396579
43.0;42.0;0.110098340318786
43.0;43.0;-0.13396423484176448
43.0;41.0;0.09489046078204466
43.0;44.0;-0.06309635561605065
43.0;46.0;-0.06259942193502674
43.0;47.0;0.07645862290518762
43.0;45.0;0.03533196112324213
43.0;49.0;-0.030808488200948173
43.0;48.0;0.06769377794928169
44.0;47.0;-0.33855217805234084
44.0;49.0;-0.2238208746860621
44.0;48.0;-0.035585737764917066
44.0;46.0;0.20841966463446648
44.0;43.0;-0.030871429791333317
44.0;45.0;-0.0684337262716499
44.0;44.0;0.0495986826514663
44.0;42.0;-0.2503549432636303
44.0;39.0;0.20496354111374993
44.0;41.0;-0.15622244801289112
44.0;40.0;-0.20030021738951692
44.0;38.0;0.17806927139849815
44.0;35.0;0.08744432394099412
44.0;37.0;0.03352804549729213
44.0;36.0;-0.08629085967054055
44.0;34.0;-0.08367574108712501
44.0;31.0;-0.02162341401210327
44.0;33.0;0.08457740622386889
44.0;32.0;0.11904632253150205
44.0;30.0;0.0005329208995629789
44.0;27.0;0.0809258661755599
44.0;29.0;0.014316170354154199
44.0;28.0;-0.09793264842789767
44.0;26.0;0.07595461653387203
44.0;23.0;0.03692960512785731
44.0;25.0;-0.11104471545639749
44.0;24.0;0.1257010837302435
44.0;22.0;-0.0456063200180081
44.0;19.0;0.1901623952053474
44.0;21.0;0.15818595305322639
44.0;20.0;0.13877516332349268
44.0;18.0;-0.08860315776195762
44.0;15.0;-0.04335801624948835
44.0;17.0;0.145250259118498
44.0;16.0;-0.2828474695688952
44.0;14.0;-0.06861106498351788
44.0;11.0;-0.10536239856955962
44.0;13.0;0.06542561971588622
44.0;12.0;-0.06845957332557741
44.0;10.0;0.051919268454739764
44.0;7.0;0.002901267732879289
44.0;9.0;-0.06436324172045726
44.0;8.0;0.03138296325714589
44.0;6.0;0.09717031081220123
44.0;3.0;0.14213124971620264
44.0;5.0;-0.2587777348775774
44.0;4.0;0.24170067499195153
44.0;2.0;-0.27603769594908684
44.0;1.0;0.057859169659785825
44.0;0.0;0.15623114725968323
45.0;0.0;0.009703923113968962
45.0;2.0;0.2481409593880235
45.0;3.0;0.06274466340068673
45.0;1.0;0.09794263415419585
45.0;4.0;0.23886976021112064
45.0;6.0;0.24074052469416293
45.0;7.0;-0.14031770478610828
45.0;5.0;-0.15715802427042952
45.0;8.0;0.3120241474839644
45.0;10.0;-0.09677658405160346
45.0;11.0;-0.053365069953186316
45.0;9.0;0.09285801238490396
45.0;12.0;-0.24218560378526738
45.0;14.0;0.16265347615135725
45.0;15.0;-0.09753699020187255
45.0;13.0;0.17743073550285596
45.0;16.0;0.024112688248356544
45.0;18.0;0.005102279362360601
45.0;19.0;-0.06960579195430723
45.0;17.0;-0.06518097494121795
45.0;20.0;-0.17981324750780608
45.0;22.0;-0.07039659619324569
45.0;23.0;0.033523336772616506
45.0;21.0;-0.1363382401594237
45.0;24.0;-0.0012907420427386478
45.0;26.0;-0.3175216741017838
45.0;27.0;-0.07067642334987675
45.0;25.0;0.08649795860032644
45.0;28.0;-0.05083272667398145
45.0;30.0;0.09547866061411567
45.0;31.0;0.17126346739693596
45.0;29.0;0.2738630935223115
45.0;32.0;0.08646726562287634
45.0;34.0;0.07753284048851758
45.0;35.0;-0.15501660773160172
45.0;33.0;-0.06788009974771204
45.0;36.0;-0.033368966660485055
45.0;38.0;0.09384294839719098
45.0;39.0;0.09031393471981274
45.0;37.0;0.07061449893340593
45.0;40.0;0.060891073099071
45.0;42.0;-0.1102929348557613
45.0;43.0;0.0247120330524482
45.0;41.0;-0.2333143820946398
45.0;44.0;-0.20565003793081701
45.0;46.0;-0.10489152102905479
45.0;47.0;-0.03420852513608147
45.0;45.0;0.06608474278278731
45.0;49.0;0.1713636925022421
45.0;48.0;0.02761433007848657
46.0;47.0;-0.04143318824708515
46.0;49.0;-0.18338960258993875
46.0;48.0;0.055141954569567976
46.0;46.0;-0.19343481860093437
46.0;43.0;0.06009591106518632
46.0;45.0;0.09889588780305887
46.0;44.0;-0.08485873943033756
46.0;42.0;0.0674283825586708
46.0;39.0;0.1776465062446661
46.0;41.0;0.2352656527240113
46.0;40.0;0.1300106526822894
46.0;38.0;-0.04752671110813724
46.0;35.0;0.15883986502043013
46.0;37.0;-0.050054043206124985
46.0;36.0;-0.2237961276634256
46.0;34.0;-0.023654254486323748
46.0;31.0;0.13674112500256885
46.0;33.0;0.21208781771678611
46.0;32.0;0.021138287017876577
46.0;30.0;0.11846298591871325
46.0;27.0;0.03700319413640296
46.0;29.0;0.09338232593562984
46.0;28.0;0.037437196730624255
46.0;26.0;-0.0917570251328143
46.0;23.0;-0.056144010265281444
46.0;25.0;-0.25017901996467823
46.0;24.0;-0.3031673023434117
46.0;22.0;-0.23303182066855213
46.0;19.0;0.08781394705945579
46.0;21.0;-0.1111819295107126
46.0;20.0;0.2416804686792258
46.0;18.0;0.034677022341257434
46.0;15.0;-0.15189698373883379
46.0;17.0;0.08819267979831297
46.0;16.0;0.0720498245715837
46.0;14.0;0.012257860489713316
46.0;11.0;-0.07683438621215241
46.0;13.0;0.21974454182620307
46.0;12.0;-0.13585809987603323
46.0;10.0;-0.012980355861818643
46.0;7.0;-0.10738637774858083
46.0;9.0;-0.02668320186394397
46.0;8.0;0.10808434390244924
46.0;6.0;-0.2283248412436265
46.0;3.0;0.07236224909737723
46.0;5.0;0.1424545084210954
46.0;4.0;-0.2286708635051376
46.0;2.0;-0.04512362002623438
46.0;1.0;0.17675686808786165
46.0;0.0;0.16949233182302414
47.0;0.0;0.15281596269850814
47.0;2.0;0.16708278074721175
47.0;3.0;0.20065055558645056
47.0;1.0;-0.08765217525729478
47.0;4.0;0.12085155616694317
47.0;6.0;-0.21220508871544477
47.0;7.0;-0.1655294506956096
47.0;5.0;0.06299911396746315
47.0;8.0;0.03193955485575086
47.0;10.0;-0.00023050805745982936
47.0;11.0;0.11102952873793853
47.0;9.0;-0.010728350198297274
47.0;12.0;-0.15497525970255185
47.0;14.0;0.20891480660724246
47.0;15.0;-0.005793764309881901
47.0;13.0;-0.12105293381520708
47.0;16.0;-0.07526252372921688
47.0;18.0;-0.22072634576627626
47.0;19.0;0.12091747745549238
47.0;17.0;-0.14250765553322814
47.0;20.0;-0.17618137970703934
47.0;22.0;0.042321122735357354
47.0;23.0;-0.18933021168492717
47.0;21.0;-0.09958488765331165
47.0;24.0;0.3541958436909115
47.0;26.0;0.02938773520355519
47.0;27.0;0.2369409192381128
47.0;25.0;-0.159576198244327
47.0;28.0;0.1722227360267877
47.0;30.0;0.0958525277535139
47.0;31.0;-0.1497875501338915
47.0;29.0;-0.0534243063442562
47.0;32.0;-0.09223403184675004
47.0;34.0;-0.12084320440933718
47.0;35.0;-0.0032928572556581853
47.0;33.0;-0.05995385723859685
47.0;36.0;-0.18549659795406484
47.0;38.0;0.09816864380855514
47.0;39.0;-0.15695080014064144
47.0;37.0;-0.1235923984071392
47.0;40.0;0.001757207259607969
47.0;42.0;0.07518569180310483
47.0;43.0;0.07452898813668357
47.0;41.0;0.07850864067851898
47.0;44.0;-0.2603672308526474
47.0;46.0;0.0746461871014154
47.0;47.0;0.14002144663328722
47.0;45.0;-0.07510937873744204
47.0;49.0;-0.19776962326372724
47.0;48.0;-0.0907224749257316
48.0;47.0;-0.22450271207024458
48.0;49.0;0.22947177318211667
48.0;48.0;-0.1795275086496724
48.0;46.0;-0.012944897749759123
48.0;43.0;0.0027330061058094823
48.0;45.0;0.12495212815684532
48.0;44.0;-0.12129179900693729
48.0;42.0;0.29549988004464717
48.0;39.0;-0.05365143226973275
48.0;41.0;0.03500132239160266
48.0;40.0;-0.08295442176501114
48.0;38.0;-0.07501225132994992
48.0;35.0;-0.20291960518558996
48.0;37.0;0.35518216459789953
48.0;36.0;-0.21730098445016377
48.0;34.0;-0.07455483488124237
48.0;31.0;-0.008346857747710212
48.0;33.0;0.15137735211265682
48.0;32.0;-0.1191951707382749
48.0;30.0;0.18151640380932083
48.0;27.0;-0.09005836143591614
48.0;29.0;-0.03679762042863228
48.0;28.0;0.047577110096069956
48.0;26.0;0.019966252950117568
48.0;23.0;0.05752245690472469
48.0;25.0;0.10375653702673505
48.0;24.0;-0.07125422925149044
48.0;22.0;-0.06883979004166968
48.0;19.0;0.11523583173705916
48.0;21.0;0.2828869686482638
48.0;20.0;0.03176660397519159
48.0;18.0;-0.08325860111848102
48.0;15.0;0.19177934149612566
48.0;17.0;-0.24857712038965496
48.0;16.0;0.006697749835359359
48.0;14.0;-0.04350325423541131
48.0;11.0;-0.07693945921124459
48.0;13.0;-0.1317927205219048
48.0;12.0;0.035517080702583415
48.0;10.0;-0.09365028555039934
48.0;7.0;-0.006720990904957929
48.0;9.0;-0.20291953583615374
48.0;8.0;0.13424326114727314
48.0;6.0;-0.05435902875840774
48.0;3.0;-0.14675715917704052
48.0;5.0;0.11886275926937345
48.0;4.0;0.1556564662856716
48.0;2.0;-0.08503802443566028
48.0;1.0;0.04399057059213826
48.0;0.0;0.19411332701917927
49.0;47.0;-0.19240299845652598
49.0;49.0;0.10074006002962985
49.0;48.0;0.010017864774256001
49.0;46.0;0.04979292088329325
49.0;43.0;0.14226647385275248
49.0;45.0;0.13957329010321848
49.0;44.0;0.263818786781175
49.0;42.0;0.11391720800685162
49.0;39.0;-0.004327499703065549
49.0;41.0;0.24279344434210393
49.0;40.0;-0.01965997413527903
49.0;38.0;0.20003106422922104
49.0;35.0;0.032884748205273796
49.0;37.0;-0.19781303073021322
49.0;36.0;-0.06456989412021993
49.0;34.0;-0.05941059736311789
49.0;31.0;-0.21136630305277226
49.0;33.0;0.13445815356031365
49.0;32.0;-0.08838487686083048
49.0;30.0;-0.05380030226480714
49.0;27.0;-0.20433174368889556
49.0;29.0;0.0615445578974666
49.0;28.0;0.09134919682701349
49.0;26.0;-0.1255534133549459
49.0;23.0;-0.2037954027668761
49.0;25.0;0.20079478082845187
49.0;24.0;-0.05270693742058331
49.0;22.0;0.07931402872054408
49.0;19.0;-0.007473636198016686
49.0;21.0;0.11865246668145638
49.0;20.0;-0.14512334858877396
49.0;18.0;-0.08070323221352309
49.0;15.0;0.13984150278046031
49.0;17.0;0.33627443165579246
49.0;16.0;0.25607802853706724
49.0;14.0;0.08154766123466518
49.0;11.0;0.28186997600934266
49.0;13.0;0.1194991685241605
49.0;12.0;-0.0690191503003476
49.0;10.0;-0.028912559164296976
49.0;7.0;0.10644552336742058
49.0;9.0;-0.0560616989715289
49.0;8.0;0.049113732044865334
49.0;6.0;0.03420845940856485
49.0;3.0;0.2519193182104438
49.0;5.0;-0.054900891964267395
49.0;4.0;0.11299938204176319
49.0;2.0;0.010552024527760552
49.0;1.0;0.057340215693751743
49.0;0.0;0.0069169802843339874
