8.422040000000000429e-03;3.066169739101604619e-01;-3.117586888591540942e-02;-1.090384180439558232e-01;-1.242683683707085894e-02;-3.600123956180734108e-02;-1.592647557885071286e-01;9.438384933916341146e-02;2.576349896682826324e-01;1.281246746491287170e-01;2.872918752059181458e-01;9.440088270647460644e-02;6.722412191579367480e-02;-9.352536221585133758e-02;1.676199753340985588e-01;9.083847965422296722e-02;-8.808268218793979809e-02;-4.826158474407687970e-02;-8.546657008532706698e-03;1.557918353687426094e-01;-2.053361414086627562e-02;-8.288818223389235462e-02;-1.467393568707420388e-02;1.097494980235243093e-03;2.163014991064433346e-01;1.706863851003075083e-02;-1.043292925432433016e-01;2.029607013453313125e-01;-1.847852970396683669e-01;-6.414364978015128782e-02;-1.777381074419855655e-01;1.266734851638549042e-01;-3.270251086802827278e-01;2.164122534321477886e-01;-7.197635686611110473e-02;-1.124638530940053754e-01;1.417451001709743030e-01;-2.982834312345694974e-02;6.485504523869647930e-02;1.384784080379758975e-01;2.510098657315804060e-02;-9.085031250893099708e-02;7.093105849665973239e-02;-1.046146203911801215e-01;2.858916445447005072e-01;-2.741346718000038651e-02;-2.837048816285053787e-01;3.203338623660571816e-02;-2.594406522604749896e-02;3.127481990135655421e-02
7.539198575140980407e-02;-1.117792232483160592e-02;2.167757089153521666e-01;-6.094664887065955050e-02;1.739473545779908203e-01;1.639652037810652996e-01;2.139500438928217951e-01;-1.260450787671331396e-01;-1.373274830130168378e-01;-1.543260116903109602e-01;1.072623534667226791e-02;-8.408798981608536782e-02;1.079063424988253306e-01;-2.024860726489414731e-01;1.358975653717962306e-01;7.381872032880802681e-02;-1.855936175866421678e-01;1.010104318792077877e-01;-2.138669392936548563e-01;1.197816390590703689e-01;1.524787296022315219e-01;-2.741318238238153043e-02;2.532180327723821400e-01;1.118474103176439194e-01;9.680100803612516625e-02;-1.152206005733184303e-02;-7.575284310277224931e-02;-2.210601194465697250e-01;-6.925776283790387178e-02;1.352621208222506977e-01;-5.856934723857069869e-02;7.910371162385629318e-02;1.767465435780748162e-01;9.938486864389511899e-02;-1.226595994653957855e-01;6.448508298336400046e-02;-4.770168178497923711e-02;-8.494666078157049605e-02;-1.912149579670092692e-01;2.453108078514522061e-01;2.357171826682608884e-01;2.541009983919151685e-02;9.591458071403402563e-02;1.359285814866873984e-02;1.655381535385226366e-01;2.689796779965838436e-01;3.378000768661373887e-02;2.153305817813350731e-01;-2.046749529027458436e-02;-1.271917631267508453e-01
5.734597434024842240e-03;2.073929761622463341e-01;1.610930787949461374e-01;-8.300362268508335029e-02;6.056640536330572255e-02;1.323080595092769041e-01;6.729046671426398840e-02;5.318937346336365113e-02;4.330876393983878331e-02;7.686827455114970953e-02;-1.646417085479995879e-01;2.307525403825455290e-01;-4.095209969969109548e-02;1.431766129344834992e-01;-2.942776324812007016e-01;2.129559745465218756e-01;-2.336363229732910940e-01;4.138259328729252534e-02;-4.076079896186169532e-02;5.691037647870788446e-02;8.297091859182952056e-02;-1.798835426374372770e-01;2.463842555922773625e-01;1.301083413080365014e-01;-9.226524424986971840e-02;-1.912624084963483392e-02;-2.566860739736868784e-03;2.048127952629993920e-01;6.778640559773992103e-02;8.812649202289926653e-02;1.177448068005815807e-01;-1.206366935255467621e-01;2.427701312945067941e-02;-3.373629676283882439e-01;-1.730310060053345811e-02;6.448258305876462815e-02;1.233936511680647913e-01;-5.761892797086241857e-03;4.169802567167255752e-02;2.339246216953028146e-03;-1.617546051295183918e-01;2.811440071076658220e-02;2.861802166038631690e-01;-1.442897993324420702e-01;-1.774366380574149415e-02;3.982534682854593777e-02;-1.700207699804974493e-01;-2.163436872075180095e-01;1.344592707700430489e-01;-1.496796921531524660e-01
9.105366119271780800e-02;1.619209102979988768e-01;-2.353107066693947789e-03;-6.787104246617431391e-02;-4.046859813726676192e-02;-5.135091013120399867e-02;1.289808747010972312e-01;5.561030540473702738e-02;-1.283941380842067437e-01;5.129642485550306441e-02;-2.053604893353503935e-01;3.224891889462163097e-01;1.545771828644226797e-01;-1.691964907354034653e-01;-6.227988428110350916e-02;3.482526958586644635e-03;-1.091974563877722154e-01;4.204196571125486635e-03;-6.999818383603131910e-02;-3.302763287045302198e-01;-2.879299226776898049e-02;2.240830233545263173e-01;-8.395027127092705155e-02;-2.272872098760053694e-02;5.815779098252411849e-02;-1.696112855741251924e-01;1.703575130726369541e-02;2.945659099651959933e-01;2.003673131250229833e-01;1.179435344171138600e-01;-1.316820280940076415e-01;1.727835854483989186e-01;-8.386494541330451191e-02;2.329832227454880778e-01;5.831408217829476409e-02;5.556497443613255677e-02;8.351313993677889069e-02;-7.887532812375303015e-02;-1.572543631286645038e-02;1.958906972130118884e-01;1.421588093179077805e-01;-2.482062503021442018e-02;-1.650801893553564825e-02;1.677141273411105749e-01;-2.485897013218824059e-01;7.578308171100286983e-02;1.309435509073640092e-01;-6.586194837623050857e-02;1.511620860724747495e-01;1.716511499019631459e-01
6.725668294463940655e-02;8.933002539234963235e-02;4.398655262006402611e-02;2.650608164877539807e-01;1.121580298520415547e-01;-1.133209606666771563e-01;4.036935892486217398e-02;-1.702249336959187065e-01;1.425775286442359513e-01;2.731914134570054276e-01;1.898423026144173131e-01;9.740862623416578214e-02;6.778563476129306764e-02;-2.168582032022634831e-01;-3.553929368484730067e-01;-3.042470250661621217e-02;2.343176197282440532e-01;-9.736697246234987668e-02;-7.171098143955638958e-03;2.943751875481740582e-03;4.559240141729322543e-02;-4.888443519218615280e-03;1.981452620164880427e-02;-9.835601593716365720e-02;-1.549808941245080507e-01;1.484894179385186919e-01;-1.563996262088868106e-02;7.759369252951571483e-02;2.944774505762489530e-02;-1.089034270206843125e-01;1.126084092858189306e-02;2.271784040879097910e-01;1.551103180235688384e-02;-1.520479875870205666e-01;-7.212245764523672609e-02;-1.736293607778609527e-01;9.754037739486673408e-02;4.761041812847160298e-02;-1.973758378057382246e-01;6.576404823029265156e-02;2.221681179331317646e-01;1.583974385832938592e-01;-2.844780528442327622e-02;-4.089471986226528299e-02;3.396400026289649043e-02;2.952221616157849407e-02;2.382790870947713024e-01;-7.813527032639702719e-02;-1.992883940187089864e-01;-2.262716063689914070e-01
1.960669071727543511e-01;-1.760840758157650732e-01;1.824471004734022628e-01;4.455663498962958435e-02;-9.213059319527691637e-02;-1.091515064200546531e-01;3.477039731132552242e-02;-1.113415833324876703e-01;4.697526502060740683e-03;1.369624385756993967e-01;-5.722301696028882223e-02;8.410268846854113134e-02;1.835023977679627397e-02;1.321482999882891141e-01;6.230227061744864070e-02;1.057765292343987480e-02;-9.954446714373831051e-02;-2.993899746629685721e-02;2.073325179345644753e-01;6.079149897222782539e-02;1.759843042745622421e-01;1.194953951128835679e-01;2.530985421072344810e-01;-1.255309782556571774e-01;-1.177596815852017739e-02;-9.117310752618475178e-02;1.414634132119954590e-01;-1.024349017303682607e-01;1.956159339919775197e-01;-1.163349080419218418e-01;5.911749269990819455e-02;1.176457404899207554e-01;5.596052142482284275e-02;2.282937812332499206e-01;-6.357609618940311680e-02;-2.434225149102346164e-01;2.758267014471748602e-01;2.777529241230803358e-01;2.139091767710763758e-01;-1.611342269963279561e-01;-5.414521736960915127e-02;-2.366408416025053002e-02;-9.753984061367000635e-02;2.435886208629088334e-01;1.004635965962497324e-01;1.341780462364892124e-01;-1.899658828374555242e-01;5.428537588909504441e-02;1.129661849055303147e-01;-1.548459426338641143e-01
2.273805648113376987e-01;-1.693363486697499476e-01;1.648136481583208635e-01;1.320482165239530992e-01;-1.731223431782195343e-01;-9.258612616692482589e-02;-3.028827740429153315e-02;-8.019263007201651167e-03;-7.733144379378756317e-02;-1.514542997992115170e-01;4.391429397074723961e-02;1.043643501162479226e-01;-1.303022310385665988e-02;-1.623945680261157654e-01;-1.025385799130565379e-02;3.613768097905658422e-02;-9.461955867169284662e-02;2.453777795919854787e-01;2.012160471826015817e-01;-2.304003652015698678e-01;1.519848964701638570e-02;-1.783539727957399457e-01;2.877454114582831401e-01;1.293069801113989059e-01;-7.711683022922702357e-02;9.075928442023341314e-02;-1.698854143289764695e-01;1.698769589594348872e-01;-3.370856754604624750e-01;8.488348397726563910e-02;8.493893277694934685e-02;7.546167987802515631e-02;-1.486668119917478603e-01;1.328484080930663058e-01;-1.155947710277690776e-01;1.462726182260104257e-01;-1.737430719246197408e-01;2.113986656374986506e-01;-1.098375322162847313e-02;-1.247775860588481167e-01;-3.853217594982138571e-03;4.833907404670520491e-02;-7.690759667194024818e-02;-4.068406831731898043e-02;-5.500115522807601243e-02;-1.956629224481505613e-01;2.047372418714124218e-02;-8.662242469505795905e-02;-1.808538939687741598e-01;9.450629918943093122e-02
7.563661901985632707e-02;1.720149939600450206e-01;-1.623206608691836195e-01;3.248196447080833882e-02;-6.807366844751562562e-02;3.380843292183693394e-01;8.112279235216224293e-02;2.367428443380562020e-01;-4.757994418085340418e-03;1.567821364887666824e-01;-2.390437873435435345e-01;1.509218912892703601e-01;-2.090718301086569586e-01;2.178825265127297406e-01;6.889433524573118639e-02;1.888492164955086483e-01;-7.926535986280797141e-02;3.617465494095237905e-02;-9.242511562925172230e-02;-2.551480318285851562e-02;-1.377077541695342355e-01;1.163475049074880058e-01;6.856291705248156176e-02;-2.863763528693709370e-02;3.487124352061810994e-03;-6.854831446624201630e-02;7.990741586275552921e-02;-7.456631484323715531e-02;-7.115961455889992238e-02;-1.849056290518055062e-02;-1.479231590185856038e-01;2.291859957526569680e-01;1.192578626434838557e-01;2.813926518876865013e-02;3.074512070241057493e-03;-8.963955880473620241e-02;-1.356435796272514871e-01;9.676149696648128629e-02;-1.346589141690694366e-02;-2.477884734743965867e-01;2.243605481224275611e-01;-3.900559094468392801e-02;-2.082499452487653058e-01;-2.362006500732517222e-01;6.188647640274562434e-02;-8.220481647990622587e-02;5.963315460931726403e-02;1.039220073581411941e-01;-2.593981492685914492e-01;-1.126105972572924163e-01
1.087091553980637643e-01;-3.410619872297482313e-02;1.082875153422296899e-02;2.582220769215827494e-02;4.952041299288541254e-02;6.832710153407736686e-02;2.455825063456877067e-01;2.086952501036691832e-01;3.135742459633346357e-02;-2.072316415192229644e-01;2.393235872018149579e-01;3.118766607199013191e-02;-3.668750772351228595e-02;1.160675060329430797e-01;1.456497487388383749e-01;2.240680817806560421e-01;-7.245157610208309562e-02;-8.786182769911221602e-02;2.513316338087294433e-02;4.695268858481681934e-02;1.287444437706587452e-01;-2.403379032103805657e-02;-2.122333204792592187e-01;-1.860980897278625285e-02;-1.524125185017301265e-01;2.786103858958213220e-01;-8.912235581907443360e-02;2.344204845815041627e-01;2.365132938929481038e-02;-2.538586905385368797e-01;-2.382172068247574714e-02;1.439205780850585092e-01;2.790921178630577648e-01;-1.292385919846474399e-02;-3.158655448798941556e-01;3.025780836328172130e-02;1.305573660381054157e-01;-1.110690074081435164e-01;7.106534124896883575e-02;-2.795881543340193384e-02;-6.576213340874685620e-02;1.843192382429364451e-01;-2.264136636258245322e-02;4.726857836367286125e-02;-1.867064062348603726e-01;-9.905412240158156800e-02;3.552341278456128126e-02;1.737680355839154034e-01;1.331991733025861546e-01;9.787480584147321971e-02
1.289488194952968791e-01;9.557142180452261881e-03;-1.772058875036352371e-02;-1.986732737057917905e-02;2.657351131774119551e-02;-1.632769782484475019e-01;3.093969345582053831e-01;5.294399251627418534e-02;1.410736969676092967e-01;1.211257868499071300e-01;-8.088379404783951898e-02;6.351923474508364142e-02;1.118632316672942689e-01;1.096758716725287353e-01;5.174037879234973103e-02;-2.298944107701802186e-01;-1.400636213478368697e-01;-3.496444016482089245e-02;4.574957435572494895e-03;1.541448233656984024e-01;-9.880788207298840664e-02;-1.854642990159541538e-01;4.305986429696937899e-04;1.061564708774258570e-01;-1.299366610309037606e-01;1.949199822382895186e-01;3.598239851277795220e-01;7.832663301479539375e-02;1.127553876119106735e-01;6.984560653364764449e-02;2.103366692722370146e-01;-7.907175351184311807e-02;-2.229038555669609900e-01;2.691985549192819072e-01;9.198950559654772707e-02;3.982833745141065723e-02;-1.098649896972530432e-01;-1.567266595169691801e-01;-2.161373588370908427e-01;-1.119432152029139899e-01;-1.338569218485411716e-01;1.509699563120247001e-01;-5.792490951717815112e-02;-1.890286954629822047e-01;5.673692373366330532e-02;1.034425907299596353e-01;8.529928565184194400e-02;2.030847520886476520e-01;-2.843346089672734583e-02;4.131172550317053355e-02
7.423771700304611365e-02;2.403012839952920199e-01;1.446901195380029814e-01;2.211520166334564330e-02;1.710480397788552986e-01;-2.524730669334883382e-02;-2.052668224126973640e-01;-2.771265844529390288e-01;-4.713363242277122250e-02;-1.563055325635630821e-01;8.748002538614425838e-02;4.578169632760036717e-02;-1.393823499237189512e-01;9.976975756496973824e-02;9.831286544661177462e-02;1.073935599796829871e-01;-6.849729984308217112e-02;-8.567605657872186253e-02;-1.107328015449365044e-01;-2.387592048915956056e-01;2.178845234054603563e-01;1.366406766637993930e-01;-5.321168876837990142e-02;2.586054489679234791e-01;1.293200048951403947e-02;1.921030662614935658e-01;3.973084012203025039e-02;-9.017384047361390320e-02;1.155940079699320222e-01;-1.290186015273287190e-01;1.435504515193722908e-01;8.181337016252346328e-02;-1.202423398639774210e-01;4.335548826748740481e-03;3.816940800284450708e-01;1.701419437166535320e-01;7.653243668064849126e-02;3.470884290218733195e-03;7.155554319835968902e-02;-1.282560417676978370e-01;8.801904282943891211e-02;6.580050909450059493e-02;-9.413186772066323149e-02;-7.351222095433648795e-02;1.891689743062595075e-01;-1.959335505918986253e-01;1.341092049957687826e-01;6.685912008467771728e-02;1.352754149286455876e-01;-2.101766945998537195e-02
5.040440247825717091e-02;1.176916277370557290e-01;3.248244975006525093e-01;6.535980157985006589e-02;8.085850360887672506e-02;-1.155643402023930413e-02;-1.539720489174558615e-01;8.683740917766891165e-02;-1.760931369693235771e-01;-1.600575555281614770e-01;-5.236544334730228872e-02;1.637946902611144839e-01;2.615495893747418754e-02;-1.444110997857963874e-01;-9.916666840155093088e-02;-3.532548254305278301e-01;-2.625822713458961233e-01;5.428305082410785770e-02;-1.468552856791809948e-02;-4.272723738889233625e-02;6.230840749480633795e-02;-4.162985044952707825e-02;-2.308117588688822219e-01;-1.209904759193470153e-01;-1.134343721391379289e-01;7.496516312038624397e-02;7.374366465442175334e-02;-1.210326793969263293e-01;1.283312937822372185e-02;-9.266459563516958597e-02;-1.952496607300404086e-01;-8.404690746259255163e-02;2.277426344594500329e-01;2.712673126430639736e-02;8.765702551881066062e-02;-3.192737402716874784e-01;-3.252362501343742524e-02;-1.010880251189013035e-01;6.883092382175923230e-02;4.074562867666690208e-02;-1.082465864634167274e-01;3.797292043287606167e-02;-2.523252338671642947e-02;-1.741033147236390743e-01;1.251477320236717150e-02;-8.765347951987406683e-02;-2.197762615305561273e-01;-4.529489709905504258e-02;-2.512412521321846226e-01;9.082270966681993407e-02
8.018236148491142412e-02;6.118904177420056434e-02;6.023562072083643582e-02;9.281586638514778553e-02;-7.530666559528226278e-02;1.797395461220602786e-01;1.977577696459778822e-01;2.695789559906392949e-02;7.738605457473314575e-02;2.151106121782069003e-01;-1.406843440748724861e-01;-1.978675514746608133e-01;-5.736720264485459936e-02;-2.664337156838889609e-01;5.605449312548176077e-02;9.517662082732568363e-02;2.271979484581105602e-01;-1.187324094996939777e-01;-2.240212450157215984e-01;-2.347948939625979781e-01;2.053546147326386628e-01;-1.288545307871012124e-01;-8.781897140336761623e-03;-2.208246592528642638e-01;1.275435735746358323e-01;1.704814287217203961e-01;5.958076758476586049e-02;4.715552294179675002e-02;-1.289543365008803122e-01;-6.108906165041872588e-02;-6.317991703254227653e-02;-2.471808512607072406e-01;1.413513908858619883e-01;2.176635449854991411e-01;1.625051931192340315e-01;1.379068592220768774e-01;1.857910137120169849e-02;1.410865355379015695e-01;-1.173805386781537514e-02;5.057845697510474081e-02;-2.079714172300117792e-01;5.883104933193220032e-02;-1.410103741858635129e-01;-1.065554599284054410e-01;-3.290942665063294886e-02;-9.905594580164947538e-03;-1.797049705957532439e-01;-1.203403368656123379e-01;1.263064073203707394e-01;-9.641080657475754878e-02
5.523405145906478547e-02;-3.412677825694331729e-03;2.425313891128432764e-01;-6.183741095650242131e-02;5.736943570198049097e-02;1.813539208901158439e-01;1.668458328091049214e-01;2.458986524178209121e-01;1.106107484138142555e-01;2.075586891541771895e-01;2.046254691025889971e-01;-1.496510171168069503e-01;-1.846873834576861356e-02;-5.974996843675177416e-02;1.481037454022297306e-01;-3.293495104682253038e-01;-1.191300052909362479e-02;-4.973749278833371895e-02;-1.757757938860174396e-02;-1.588599273685291080e-01;-1.771763449470149798e-02;8.315081458745494924e-02;-2.189149924831593555e-02;1.193985015204930972e-01;-1.762013729157287378e-01;-1.106061005664599889e-01;1.464846235337027569e-01;-3.416857584170126388e-02;3.174570188899965978e-02;-3.663972413940121131e-02;-1.087442482390192644e-02;-7.435831322764364926e-02;-1.967736581506693977e-02;2.460075864050290800e-02;-1.510450899643023814e-01;1.473698428871865196e-01;-3.376052760089308380e-02;-5.953140976252054885e-03;1.918421136298804341e-01;-1.349760670771994187e-01;2.059220206940527431e-01;-1.762342732258910805e-01;3.186367926016162588e-01;1.171586457245556989e-01;1.279881243989236528e-01;-2.019081955354724844e-01;1.588293549248002146e-01;-2.283220020034626430e-01;1.901769926397474386e-02;-8.107720849000657481e-02
2.148950793675302381e-02;2.592302877959261620e-01;-7.178114690881925997e-02;-9.980027183806935986e-02;1.617169219715281214e-01;1.413003422755404193e-01;-4.942794269578390520e-02;1.067370028897206280e-01;-1.708136311312904998e-01;4.002337496474108608e-02;2.837455743307893408e-01;1.355146229134671920e-01;6.097827832866539732e-05;-2.261860426218323741e-02;-1.502949619619596000e-01;1.434322394864677441e-02;8.650204423646756791e-02;4.510143712733519217e-02;4.019621585200372493e-02;-2.390070693745843106e-03;-6.410627503914508030e-02;-2.659409440553779924e-01;-1.085942353809249555e-01;-1.256718370756074697e-02;1.394464629992310245e-01;-9.068670064641187745e-02;5.224169083682922432e-02;-2.276568344603680655e-02;1.405652516943667885e-01;2.408447402760613143e-01;3.621037711130051240e-01;-1.890489693815447791e-01;2.323875595286201967e-01;1.183736523391770989e-01;-8.820043900286712868e-02;7.579292281599696313e-02;1.231572852584234129e-01;2.512259412529886382e-01;-4.266115184703894725e-02;-3.591281996985686009e-02;3.472275984802626614e-02;-3.161713792781904731e-02;-1.942968140696018642e-01;2.387515774379034561e-01;1.076508085685102534e-01;-5.426080030336051518e-02;-2.623201018167355125e-03;9.132300305142142249e-02;-1.542669925013170074e-01;1.558141506353633854e-01
1.920083511655195363e-01;1.296992807389554803e-01;4.766772477883070291e-02;-2.553910544112252268e-01;-2.401482124505844307e-01;-1.060652376551287357e-01;1.788691671882631506e-01;-3.320344107009896850e-02;1.544013950643403632e-01;-2.376576942883794896e-01;-8.871584066898161036e-02;-7.755745979721275982e-03;1.093223923050106461e-01;-2.290960132324254273e-01;2.911095220300214531e-03;-2.303519643554129484e-02;1.725121290544222308e-01;6.394413959434734618e-02;-1.421901332114298699e-01;2.311388917176296909e-01;-1.824227358273269040e-01;1.598452597539212761e-02;4.155583328572252932e-02;1.738365551182679547e-01;-1.474069684705404115e-01;-6.736102037274993570e-02;-6.811117945884564984e-02;1.121709576140358100e-01;1.438322111340726295e-01;-1.868175223223368653e-01;-9.509075816731944741e-03;-1.903215336113660561e-01;3.408377891600899989e-02;-2.065694026670592265e-01;9.411527768936019112e-02;4.926722697568667458e-03;-5.799921883156036739e-02;4.019621614388380060e-02;2.314317734375848368e-01;-1.644429013606801479e-02;2.353670964775777252e-01;4.736593337049075508e-02;-3.396668698768511296e-01;7.334479225697865257e-02;7.723399552166221316e-02;-1.944271015235171651e-02;-1.229276100614758310e-01;-2.735235445522563730e-02;-3.254732490642114895e-02;-4.502143210876922291e-02
8.269182591687014583e-02;1.806082743655335332e-01;-1.965187896321685113e-02;1.528916661858008841e-01;-3.514356043498027132e-02;-1.623882494398717902e-01;-1.160718378265374051e-01;5.830219624653203148e-02;-1.806535109479829038e-01;1.572370591127804640e-01;-2.698533284949972133e-01;-2.174319570943737956e-01;1.596670130876338689e-01;4.513558155909227348e-02;5.668861901773300516e-02;1.455971199390189985e-01;1.026289039059517932e-01;-1.186903118994675349e-01;2.404614328737524342e-01;5.962936755383534820e-02;1.386748732597499756e-01;-1.198319497544910184e-01;2.905976728041997567e-02;1.626165629841885008e-01;-4.961777311559821546e-02;1.013088150543031279e-01;-2.191443553677368816e-01;1.827537122776858036e-01;1.896520942313807967e-01;4.628721298132969925e-02;-9.677792234608684208e-02;-2.278801210519002807e-01;1.459391594483973875e-01;1.320910429257229624e-01;-1.071114289855245455e-03;-1.119412493868176262e-01;-1.111507348365339543e-01;-1.230706736641933204e-02;2.136667618221278209e-01;7.537302590902816846e-02;6.517339388108600584e-02;-1.729241687785041115e-01;1.995851266109967270e-01;-7.537329174854062730e-02;9.047918868554888361e-02;-4.444756370479518992e-02;2.328484363804325663e-01;2.184117410765490375e-01;-1.247684176496522690e-01;-6.136365916081104599e-03
2.344068892853048147e-01;8.084198106344631096e-02;-2.692440101463678959e-01;2.750407930574803178e-02;2.817536113306742286e-03;1.087194493039519844e-01;7.396078965779301351e-02;-2.621482659312105445e-01;-1.506932017253801159e-01;-3.116736192866997879e-01;1.009729809238226195e-01;-5.296017693144644545e-02;-7.642771008690374401e-03;1.458900851651082908e-01;8.803842868123872012e-02;-2.031954632411627493e-01;1.242463450634321287e-01;-1.531165263549577604e-01;2.245537972703667493e-02;-1.686604208993392751e-01;-2.946294201847641792e-01;-2.885782284964930611e-01;1.603454698698157932e-01;8.800570958078987854e-04;1.826285775407165274e-02;-7.243912278838594843e-02;2.551324185086657759e-02;9.306392798124360488e-02;2.418062912020325569e-02;-5.515959655409601037e-02;-2.021324897596887271e-01;6.394601564547744421e-02;1.298234751122808173e-01;8.490937387791466784e-02;3.049749788730093947e-02;-8.196440315981387559e-02;2.309978808900755021e-01;1.974929869076062078e-02;2.314740129096773055e-02;-7.283498050304117177e-02;-3.473004092745302779e-02;1.470953196083807195e-02;1.721940565835392567e-01;-1.777568503914780940e-01;7.580687310670153334e-02;1.766115819328873682e-01;7.963117584370806024e-02;-2.245608057251403666e-01;3.523781359319897583e-02;1.389786398463096345e-03
1.009756139486927551e-01;1.332014475167567491e-01;4.309205819217615946e-02;-3.892301118727405779e-02;1.865240239926648502e-01;-2.241753596606335941e-01;2.002515464438253123e-01;-6.629290400320420051e-02;1.112620581260997110e-01;-5.264184401927669149e-02;4.031051210059002216e-02;-2.022100669587942601e-01;1.577437020838473591e-01;1.103632988704789653e-01;-2.262319652917274826e-01;2.761720217275255851e-01;-1.524146292015626791e-01;-4.830175229372160595e-02;1.778969895924743250e-01;-1.407127412610640338e-01;-6.187568788966693600e-02;-2.886888403817152240e-02;-5.965852716068888867e-02;-2.676455745217275473e-01;9.212048980132636969e-03;-2.988040584562593471e-01;-1.089784026483788318e-02;-9.605003221686682358e-02;-1.889913840894996144e-01;-1.573797038275589755e-01;-9.490531828573707529e-02;-1.126195390512420985e-01;1.796701251345986933e-02;6.014408794189327057e-02;1.856270499867485324e-01;1.685277990351484456e-01;-3.832001615957209700e-02;-1.734131211697508834e-01;-3.926028851223511973e-02;-2.428867264330968334e-01;1.281080610953362897e-01;7.170967060756479328e-02;1.306230138225100701e-01;1.481951444210441171e-01;-3.817853636147547358e-02;-2.323949575856452260e-02;-1.306931626142165681e-01;7.854001762914984697e-02;-1.856076095522750102e-01;7.952311785557233947e-03
6.141875876568062692e-02;1.626222699983616293e-01;-6.047202783954261363e-02;2.530545403746574662e-01;1.703460935979566118e-02;-1.013645444809316842e-01;2.244640361253964420e-02;2.112627260904987314e-01;3.788791469984350430e-02;-1.337348070201029582e-01;1.526976140319513675e-01;1.656498476622847438e-01;-6.146694821729343713e-03;-1.358447721058836100e-01;1.924889857627239964e-01;8.325130178611507559e-02;2.136696488999931531e-01;-1.243771061023494495e-01;1.371197194259401730e-01;4.871313131337259156e-02;-7.813814742079557008e-02;7.877227681986553876e-02;2.776876816425002947e-01;1.342048427973482894e-01;-1.123779462723234202e-01;-1.197554097771270643e-01;2.168922174078233567e-01;-9.574244613700061413e-02;2.959104135064503927e-02;5.219818754984478781e-02;-3.489162751219607866e-02;1.245563274523151520e-01;1.799860912473555952e-01;-6.601139637776864966e-02;2.559018409432696761e-01;-1.473464173086023316e-02;-1.665019361789770169e-01;-6.124569240111847612e-02;-2.015772432685218329e-01;1.609012156708146957e-01;-2.248248831968220340e-01;-1.351656353706215674e-01;1.126782699234039620e-01;1.748643456992212408e-01;-9.726561716899276289e-02;-2.124354411123857977e-01;-1.832419323807240041e-01;7.590627379919084872e-02;3.895505022180321963e-02;-1.122765128019594660e-01
1.151197044179739920e-01;4.345073821895522465e-02;1.732213801801215924e-01;2.201078798119693314e-02;-1.445385003247445510e-01;5.203551903027456293e-02;1.418988654739553046e-02;-5.229965547832707284e-02;2.696000924685247949e-02;-8.504048637522464149e-02;2.151767213781784205e-01;-1.594863323501819752e-01;1.463112608103399048e-01;2.262934173722403186e-01;-2.160058779688731334e-01;9.023790410671675769e-03;1.446991147962033986e-01;1.017352665088914060e-01;5.825400101866033686e-02;1.424304553656119583e-03;-8.896726029870865096e-03;1.575458501881046025e-01;1.519453016313834504e-01;-2.157309434462714448e-01;2.416154887381163352e-01;1.816258768534573798e-01;2.939403119489518157e-01;-1.505996035453665768e-02;2.166579074553977302e-01;9.223792056498311687e-02;-1.001390460612368305e-02;1.161032476474192221e-01;-1.391971137575900505e-02;-6.821635207687182234e-02;-6.715543001660395639e-02;1.901481063581081377e-01;-1.404580860481155213e-01;1.595747206696940604e-02;2.045000796669855792e-01;2.196857486330240639e-01;1.059395717438536555e-01;-1.479104058115305320e-01;1.330188355411920237e-02;-3.053803265219751095e-01;-1.437511550697186391e-01;-3.337985851155957084e-02;-1.112261974410158893e-01;6.455241530378844073e-02;-5.863467860866271308e-02;1.693551618041840290e-01
1.345120547390743770e-01;1.404330957434723748e-01;-2.190662399456056453e-01;-1.339285624312220868e-01;1.472281637175835815e-02;3.850707779804488778e-02;7.618374471233928247e-02;-1.116923455781011904e-01;-1.890153160416622458e-01;2.081875754867144879e-01;4.627867089274365769e-02;9.911442318839670806e-02;2.535460044816741365e-01;-1.532361716019935149e-01;1.699071764063402878e-01;-1.258717045881806995e-01;-3.843500158299518327e-02;-3.552948532109559410e-02;1.181734522721796660e-01;-1.165911112421768592e-01;-1.851094724364369531e-02;1.736785446196879024e-01;5.125457615148748536e-02;-2.301906284289679250e-01;-1.845412283022133601e-02;1.650465500793730968e-03;-1.825752567775453528e-01;-7.275110502869516771e-02;-1.831483430985395011e-01;-3.027829613864257280e-02;4.361831980774943385e-01;1.089478130638398823e-01;9.302532462730431218e-02;-1.927705609920364049e-01;-2.042996314567752103e-02;-7.831316015515513151e-02;-2.135067224094653049e-01;-1.630005021485289585e-01;2.280017801456483417e-01;-4.880650283963232361e-02;-9.432178665423641972e-02;5.051968263406557413e-02;3.142405935300197212e-02;-1.741578855116387714e-01;6.487219635059705836e-02;1.732794979305689667e-02;-5.957599000555742486e-02;6.323483108751654092e-02;1.628256646130372132e-01;-2.386466125516691072e-02
1.929712618785556222e-01;-2.002502998619163366e-01;-1.574808599947028209e-01;2.622458378812673740e-01;1.210649199785282099e-01;9.983060354948568305e-02;1.867143496488231358e-01;1.873602199569995852e-01;-1.666104846647140925e-01;1.326294344165591596e-02;7.073549930711524325e-02;1.953588085756836346e-01;-8.402134145300636792e-02;-3.236159047677034106e-02;-2.218971689265551439e-01;-8.729956269222188814e-02;9.676974279455441419e-02;-1.367527725346375511e-01;-7.178229679564974985e-02;1.541683858456146528e-01;2.405138760968433265e-01;-1.645002799256314874e-01;-2.002772907557092558e-02;1.203203121465473702e-01;3.053976452700852065e-02;-1.800842357531542703e-01;-1.878669970303042391e-01;-2.167717570617518630e-01;6.927843962379179321e-03;-2.027998768332855972e-01;2.444174527893884508e-02;-3.758482167179881539e-02;-2.947860379327135183e-01;7.952618196977963294e-03;1.334310163003236682e-01;5.536380696505892318e-02;2.798619254409361046e-02;-3.294199868581448171e-02;1.721855918462537050e-01;2.252758368198581537e-02;1.422972196735489692e-01;-1.743002693068362308e-01;-5.963418657989110958e-04;-1.362152762081470792e-01;-1.191526278937979355e-01;6.286318664856119232e-02;-1.107210429478482916e-01;9.208046557862925585e-02;7.227054618022252241e-02;1.722684856540754039e-01
2.323713285982786370e-01;-7.465521932492011348e-02;-2.286585635754471990e-01;-1.231150199741219003e-01;1.228073182048962236e-01;-9.909576648756425465e-02;-2.353270026558918482e-01;1.239090411989890450e-01;2.060473727690655121e-01;3.418930783620562075e-02;-1.611883589117093785e-01;1.283364461494847786e-01;1.162283980592804661e-01;1.091818822708758574e-01;1.448729618118129447e-01;-9.804068006650673572e-02;-1.239400227183978520e-01;-1.841523130558262583e-02;-8.804323245190089076e-02;-1.464864724709382671e-01;1.560203176245004639e-02;-1.853568933643003347e-01;8.387230166510006857e-02;-1.573923517128349991e-01;-8.457610374483878757e-02;1.623730345818438503e-01;1.616053684341362817e-01;-1.691366603454499962e-01;-1.698763662673092867e-01;-4.915373863013407230e-02;-6.930009893875220539e-02;-1.328072409776661078e-01;-7.195289370079162306e-03;-2.178884765120234490e-01;2.676222484382198563e-02;9.680607051263172280e-02;1.327651204530781170e-01;2.432137570651551339e-01;9.086980084240635358e-02;3.368672240220536018e-01;1.916506128568834788e-01;9.726019993931242502e-02;8.459108931444289659e-02;1.255996743880510580e-01;-1.148693279994002503e-01;-6.781404688904893452e-02;8.547490391400044962e-02;1.760171532449913423e-01;-2.474312123643103781e-02;-5.374543535395508165e-03
1.102305089603371618e-01;-1.228184086364034894e-01;1.306736268235386411e-01;7.595211521470376925e-02;-1.189585957432513913e-01;2.683052257343210290e-01;-7.354186949991224631e-02;1.811784641021234044e-01;1.514294609124711699e-01;1.365412739622558491e-01;1.850738546879987512e-01;-1.536173741938022252e-01;2.463898707350307138e-01;5.187196305314116518e-02;1.885131424948888537e-02;1.750721457254901803e-01;-1.982894157786676548e-01;9.854398533852706810e-02;7.673025900936400467e-02;-1.321048365586489637e-01;-2.155074028482703852e-01;-1.358190043243301115e-01;-5.671529203282614506e-02;1.800418421386595635e-01;1.062500969933098949e-01;-1.037522391437528668e-01;-1.425241354882760270e-01;-1.463775904749018419e-01;1.650237975665412304e-01;-1.619951968179316470e-01;7.218985310713961490e-02;6.415390409115247217e-02;-1.945559090080228870e-02;-2.455013178718365441e-02;2.735804755906260377e-01;-1.499934192276253797e-01;-4.791591908782636550e-02;-2.568790579795369317e-02;5.615061583254899596e-02;2.269654940948672706e-01;-2.066387785033705626e-01;1.779493053427854132e-01;-1.247693049153320577e-01;2.951161681143294260e-02;-4.458824708133399262e-02;1.460248882330032194e-01;2.159078985836423437e-01;-1.122600035480709746e-01;-4.703170384521614122e-02;-2.717986934295108653e-02
2.395940573019186282e-01;-2.219268878629388764e-01;-5.299872069670510250e-02;5.104438960937224268e-02;9.504552803501280234e-02;-1.404839500239165317e-01;-1.528704643643904182e-01;1.225363231590639174e-01;-7.660095798864725858e-02;1.467343197590821324e-01;2.203895380195350917e-01;-1.568815967589702320e-01;-7.448376918585979112e-02;1.793799566532502943e-01;-4.968443013720736517e-02;2.669472637329193057e-02;-3.260387469145423212e-02;1.054518011073175832e-01;-2.957859960689330769e-01;-2.108482507113153270e-01;-5.452571908139674378e-02;1.950804065926483311e-01;9.117000081593944205e-02;5.427528282136014071e-02;-1.132613964891206193e-01;-4.818284394152924643e-02;-3.856949075037248431e-02;3.126121139897877765e-01;1.710757610078021337e-02;7.877251373984740790e-03;3.314176026108364009e-02;-2.096194630445339935e-01;1.233085522163814562e-01;-6.250921298799119730e-02;6.131871126939404670e-02;-2.365816832305173700e-01;-1.198617333255379003e-01;-1.300713178636185921e-02;-2.545422459093338308e-01;-1.166977276080295722e-02;1.534615893004032117e-01;-5.698773144422987491e-02;-2.846272716784159496e-02;-4.648070428269368559e-02;1.515950222520358048e-01;1.110903670308989316e-01;-2.289555367506781736e-01;7.171460693657577545e-02;1.570754791708722231e-01;1.322065908712884430e-01
2.308452104164707697e-01;1.063096275211138364e-01;2.231343861428047165e-02;-1.933679125612925709e-01;-2.960739477513517071e-01;-1.478652243149213286e-01;1.193448983477851943e-01;3.817100573141921777e-02;-2.062146654137982094e-01;3.181085537101744493e-02;1.052728236619068503e-01;-6.519231166951132070e-03;-5.674476576406219976e-03;2.300733290200499548e-01;6.590088700863974691e-02;1.822924251143712149e-02;8.301746844175175721e-02;-3.635996926724277545e-02;-1.887171364408315177e-01;-6.018459000474053744e-02;8.795583246798190091e-02;8.652724302603648221e-02;-7.290188565359591137e-03;5.392645301346873227e-02;1.143472457202585058e-01;1.080758507795265694e-01;-1.666767615623160337e-01;-2.436614359242314509e-01;-1.793784400397917256e-02;1.131564203647107969e-01;7.155201920000540949e-02;-1.594222896504270404e-01;-1.760870792093244264e-01;1.321704335926356284e-02;-8.984232551116227983e-02;-1.861861913018891534e-01;2.298119992963975899e-01;-1.978620480519509839e-01;-1.868960712501452626e-01;2.707873087803853301e-02;-5.032946646732286422e-02;-3.561450784637437000e-02;3.447130492647722255e-02;5.465885870060124135e-02;-2.519643757031236886e-01;-1.938826519190905429e-01;6.469698528126788251e-04;-1.060802872432329569e-01;-2.329453407961112055e-01;-2.503476913123658942e-01
1.600160048337902208e-01;-4.351409318514122548e-02;5.423980972261555761e-02;1.984042367947359553e-01;-2.682059853475641242e-01;9.242966526284032702e-02;8.800098073763033824e-02;-1.639372851845204149e-01;-1.939149080463364594e-01;1.717460865788698610e-01;-6.359556080090716934e-02;5.171469425581262658e-02;-7.415248455294036478e-02;9.624256171886530487e-02;5.037108166531047149e-02;-4.229003714027290695e-02;-1.798386780553222208e-01;-2.211829759857064925e-01;-1.750358083631061920e-02;2.011552479475316457e-01;-1.384387663745916819e-01;1.317978986540627173e-01;-1.324066361342182974e-01;-5.015685965882016317e-02;1.731139926008921914e-02;1.651148399810340728e-01;-2.771643279143630456e-02;1.156795774331634830e-01;-1.085831673446007728e-01;-8.338257031457718682e-02;1.220473864504022579e-02;3.203433167155804451e-02;4.620495601436481331e-02;-1.891004262708370631e-01;1.285756819883877022e-01;3.087586304459760678e-01;4.669672805552285699e-02;1.735883499180078393e-02;-1.007982074314308918e-01;1.459708962410440902e-01;-6.959360135548908755e-02;-9.822601326964884583e-02;7.096079752055353684e-02;2.949724220700661315e-01;2.657680632804362286e-01;7.096480470025243181e-02;-6.191310259050798737e-02;-7.387692106423035532e-02;-2.429975826767740987e-01;2.183906091449735465e-01
3.197820397466071864e-03;1.615716462660124753e-01;-4.870899381899189418e-02;3.130556268186686086e-01;-6.186248920490673708e-02;2.104148204971850733e-01;1.805424806356334677e-01;-6.781013813867101114e-02;3.129744221360396261e-02;-1.815943327609943203e-01;-5.221482707437169468e-02;-1.664607549211421372e-02;2.910869294335481916e-01;1.115142462584971655e-01;2.722087400975520266e-02;-7.989580009167181196e-02;-1.338665414637361384e-01;1.200079008152932780e-01;1.304302328860867943e-01;3.849348639983182774e-02;7.006635469610955624e-02;-3.355886465233436089e-02;-1.617523013557320977e-01;-8.921283640608471122e-02;1.756882115693640667e-01;1.147334492621252255e-01;-6.993479637166302720e-03;1.195335771692330844e-02;-1.403253838372786437e-02;4.971601216836531167e-02;-6.676418338543944897e-02;-1.627299012514896448e-01;-1.786705702303291177e-01;-1.613227033818708245e-01;-2.356272053822865489e-02;-2.543412198378435796e-01;-1.401839468048853843e-01;1.981933021523569483e-01;-2.421780392295360684e-01;-9.651389281513407525e-02;1.836138014628891646e-01;-7.714350431647791495e-02;-1.946996123051864674e-02;1.593642270441865405e-01;5.352210575988147062e-02;-1.872583954296935249e-01;-5.616980127891919861e-03;-4.728213344395118534e-02;3.436568076558311757e-01;-6.580307195632459361e-02
5.912803028971189145e-02;8.800573076468587441e-02;6.121341052155979817e-02;-1.237981812157416955e-01;8.925071633767146795e-02;1.594309060593784855e-01;-1.058484937660424986e-02;5.610637200049189283e-02;-4.087336236642898080e-02;4.462281230775058671e-02;1.851024130799605316e-01;-6.188875863510932829e-02;-8.151184394233206010e-02;-2.316596055332349399e-02;2.276838563842419338e-01;-7.355330023253674188e-02;1.583738352483909234e-02;1.537130071747497273e-01;1.750866111316074780e-01;3.160542400177807076e-01;2.575661467445536368e-01;1.183199002584060799e-01;1.942139660986761107e-01;-2.592936784464355271e-01;-1.130507259510346169e-01;-3.851751405960954222e-02;-4.533506764852918147e-02;1.935164397119116808e-01;-7.067953986567596103e-02;1.538357704824929728e-01;-1.219150338150479518e-01;-1.211086111236180374e-01;-6.023965395917149634e-02;-1.032621699867635329e-01;3.781940293240410034e-01;-4.405756395705481138e-02;1.618219813338515056e-01;1.171159725749643631e-02;-5.716272171292172827e-02;-1.126169663436526608e-01;2.933553632357947805e-02;6.888292156350514506e-02;-6.624176906953030408e-02;-3.518004393922344319e-02;-2.130919353283826090e-01;1.134765577328067793e-01;2.526030817388901784e-01;-7.256158772992912787e-02;-6.491858508283095130e-02;1.756098954373699894e-01
1.718348118625591947e-01;-8.850992435672395964e-02;6.526636929298482159e-02;-8.018596153006872507e-02;2.638969158584343958e-02;-8.366761169791571418e-02;-8.248423726371102715e-02;1.451452193192299678e-01;9.980284779447058663e-02;-4.811566863628053553e-02;-1.508239240402972081e-01;1.151601801610196707e-01;1.706633384757567928e-01;5.660792157659429169e-02;8.484886956270844272e-02;-3.828669253205949086e-02;3.015653051691941644e-01;2.521406304105286433e-01;-1.057490103836040800e-02;-5.999493670295228884e-03;2.414611231213540377e-01;-1.124657486641086196e-01;-2.377117275326388612e-01;1.423977433000777337e-01;3.458787421697081532e-01;4.624040378595339895e-02;1.434477378869299380e-01;1.209473272513877928e-01;-1.514805897522735756e-01;-8.470579361753000081e-02;1.019053981447222146e-01;2.234954117983445898e-01;1.759360007456269304e-01;-1.303003852846051080e-01;1.135867355480125046e-01;3.782538040738999199e-03;-5.262222664200826711e-03;-1.032073451737578196e-01;-5.032799289404463888e-02;-2.315407070497461084e-01;9.302136751894877001e-03;-1.723624841751871806e-01;1.416379373293919219e-01;8.214389995714853343e-02;3.694232926571287823e-02;2.618217937165359666e-01;1.167207014141099716e-02;-1.019443045096628808e-01;-1.039080308929501151e-01;-4.185057779904399061e-02
1.087927039719542438e-01;1.855389774450447449e-01;-2.757020886107277094e-02;-8.832130571314950052e-02;6.451238383080468153e-02;-1.474228773300302331e-01;1.524664207294366691e-01;5.201692693007489016e-02;-2.562375349241068356e-01;1.402566177140524006e-01;2.952045700799056996e-02;-2.282018489983524689e-01;-1.650398414394586566e-01;-5.109511476570274130e-02;-5.248769378935527058e-02;-9.818282763973415483e-02;4.890881796769718654e-02;2.280136666340293883e-01;-1.472577233507318117e-01;-1.847034557799098753e-02;3.828635571811335632e-03;-8.524293009429038948e-02;-6.594971331176859020e-02;4.199927193478022319e-02;7.675438338327099375e-02;-2.885212644675887519e-02;2.705051454090997426e-03;-1.909901339570262840e-02;1.124731546775817048e-01;2.053759273490843307e-02;-2.681216103899973779e-01;2.626893206860519969e-01;-2.010829940730361476e-01;-2.274134201026900004e-01;-1.195955510249124311e-02;-2.317988191398061976e-02;-1.572729420723642524e-01;2.804547668463896470e-01;9.888655654603546730e-02;-7.372241150369421292e-02;-2.780606330433681439e-01;2.735192108519745591e-01;1.467212288723990787e-01;1.655882852832187835e-01;3.090906853586861819e-02;-5.993845647145725278e-04;-2.516229333885214303e-02;2.154040273564309660e-01;2.668088455755729740e-02;2.709244957527988731e-02
1.300805504659514888e-01;3.162233015574338058e-02;-1.872472737137144405e-01;2.519763196987479525e-01;4.352353201519462006e-02;1.401010709672471100e-01;-6.948584046685014892e-02;-1.506034311355221311e-01;1.666872694040008873e-01;1.419063833633249158e-02;1.420224319225712323e-02;-1.034915537524918883e-01;1.816556516279912992e-01;-2.028610827882728340e-01;1.385729263917757637e-01;8.237796212662007456e-02;-8.146927094028563743e-02;1.725489092485837650e-01;-5.206131259007885925e-02;-1.650008808698354146e-01;6.031895377279906933e-02;7.854762812551560613e-02;-1.253599265806017715e-01;9.216378561658164492e-02;-2.583891966863595679e-01;-1.335798340596272733e-02;3.692760279523648465e-02;-6.135080373282909144e-02;1.800847817979495669e-01;2.412642620549807770e-01;-9.142563237777154295e-02;-3.774141815412365708e-02;-1.275978298658000942e-01;-1.815744260534990495e-01;-1.724404991731949277e-01;1.336696250850457346e-01;2.578954262784616258e-01;-9.778732155068420306e-02;4.330833418101569243e-02;-2.037248434649217843e-01;-1.754882890915865079e-01;-2.158397132303824240e-01;-9.173267205453833339e-02;-3.927989648803795891e-02;-7.163745097235321713e-02;1.485365378166685069e-01;-1.707448566611815544e-01;1.303985682622686437e-01;-2.133938949376810723e-01;7.915615405270096105e-03
2.018018144626032850e-01;-1.943674438392777870e-01;9.490997916984440785e-02;-1.348517740788637842e-01;8.924414880442663178e-02;2.055142880268262529e-01;7.741448562947136902e-02;-1.365029334128328997e-01;2.237452058737769978e-01;-8.099487486901009448e-02;-7.973926915762709344e-02;1.538320429490122598e-01;7.891920114113872009e-02;9.705424990357404413e-02;-1.874472936195127615e-01;-1.072621425524988154e-01;1.993690560234396003e-01;1.142655688541394654e-01;-3.774833066023795813e-02;5.054021922097685915e-02;-6.161896485568764403e-02;2.012192315671259002e-01;-1.047085635285646271e-01;-6.654336243470806989e-02;-2.128124382674731474e-02;-1.761108339814929924e-01;-2.275634784794859922e-01;9.462613222901736232e-02;-5.498951885288995423e-02;7.925876104820459012e-02;-5.431792926572902996e-02;-3.101846940854509696e-02;4.911102580719776955e-02;9.908319522052336237e-02;7.645670669314297285e-02;1.394210502506211882e-02;1.129870481178021080e-01;8.012788596888766046e-02;-6.087605975780327472e-02;9.483725863109332410e-02;-3.134836579408722401e-01;-7.149085646063829680e-02;1.196159989908639754e-01;-9.086080265374285592e-02;1.963192160168369949e-01;-3.219666154948974679e-01;1.483997468431033362e-01;3.219984708570157173e-01;6.334584890795601220e-03;-6.785475768406085129e-02
9.864169544800426015e-02;1.808354646200773241e-01;-8.915932390488924553e-02;-8.064708534317055477e-02;6.565815948851412565e-02;2.119583364888153187e-01;-9.140170639653538709e-02;-2.646475031616681850e-01;1.409694353284222379e-01;2.348842782587352018e-01;-1.296339566073850813e-02;3.427134436354624392e-02;-9.724084575788452534e-02;4.525672769566792958e-02;-1.781409107440715400e-01;-1.732655128700626712e-01;3.795085308762904258e-02;9.942442316723168472e-02;1.597765351963980895e-01;-2.185032005924843895e-03;3.561178072160176705e-02;1.012159537068813286e-01;2.129231681593524717e-01;3.373435037631645761e-01;1.352260777283406656e-01;1.051433342580636865e-01;4.803859999700148264e-02;-7.912728132307932094e-02;-1.461876882285352841e-01;-2.457975027150602898e-01;-1.856522211226778463e-01;-1.729690506046248077e-01;1.108022296924999484e-01;7.238489746786588852e-02;-1.815363520861427993e-01;-4.104999476465489433e-02;-1.114081323923600264e-01;-2.215949832770857109e-01;-3.392123058087832821e-02;-2.738586252121156042e-02;-8.197332625202266576e-02;3.299861600996574496e-02;-9.354287180137867141e-02;2.222689805730884149e-01;-2.063171260574170329e-01;1.777801545673053998e-02;-1.739118595811736667e-02;6.091606686626524492e-02;5.811320682120491021e-02;2.060098870851693742e-01
2.212250678733980180e-01;4.803811918805635239e-02;1.408750530988816564e-02;7.158660071322064944e-02;-3.245104181799003951e-01;-6.757271469773513950e-02;-1.428448934324450248e-01;7.907325619806415684e-02;1.147650231192338388e-01;-3.839010164652109647e-02;1.006650271943965030e-01;-3.124500680598092661e-02;-1.243128911037978818e-01;-1.904529258658196889e-01;-2.860353252336885754e-01;8.297430165912882127e-02;-1.313562474508768174e-01;-1.152467209173493878e-01;-1.233930872403042611e-01;1.332738471907977396e-01;-1.059984942383098427e-01;-7.695825482579960256e-03;-8.997374326160575975e-02;-2.084664728117565768e-03;7.635960784238247923e-03;8.720034052259904855e-02;9.882265449215282827e-02;-1.622278621894768236e-01;-2.494907154793844228e-01;3.601513142111255616e-01;-5.150896191524736295e-02;2.671013497605648213e-02;1.398970070903334806e-01;4.309369894813293994e-02;8.083696545457706717e-02;-9.187423628642671369e-02;5.195108253211766502e-02;-1.034262689540809688e-01;1.898505358889919781e-01;-2.077076753839228740e-01;1.679240415980041284e-02;-2.908299014775504038e-02;9.391995057808513736e-02;4.894969440890080403e-02;-3.178292200197968542e-03;9.058138170370091946e-02;2.224110251190963561e-01;1.210060198294052591e-01;3.223599392870453162e-01;3.407105955371128592e-02
1.349412222235499836e-01;-1.219195012737474826e-01;5.775959933069388375e-02;9.689801898115710244e-02;1.896326570968152880e-01;9.940804645765831393e-02;6.836028642395340638e-02;-3.471930108118652727e-03;-1.551240775738639832e-01;2.200658715330294432e-02;-1.399601136569370574e-01;-1.335325610981167310e-01;-8.896557272127693372e-02;-4.883199701898420508e-02;4.867353987714319319e-02;1.086835740772292558e-01;1.438776670467570296e-01;-3.321998226923915387e-02;2.856521007763828113e-01;3.250044584193958336e-02;-1.249388224340167719e-01;1.566360640102810731e-01;-1.955079995891661759e-01;2.442541536061367535e-01;1.033056644598342733e-01;-8.627689333719844311e-02;2.726759936695488662e-01;8.907823680379525766e-02;-2.329137965015784517e-01;2.344411471977808914e-01;6.937607593474418022e-02;-6.067329294319709354e-02;-9.874373742078898508e-02;-6.960758196025870759e-02;-2.299939015514765317e-02;-1.358378851918858321e-01;2.247667994045431938e-01;-8.731894045445144636e-02;1.492991256969941616e-01;1.918196807857643071e-01;1.569838422421898083e-01;3.658433387836006467e-01;-2.475016200916040771e-02;-7.502192546305316845e-02;2.020351503238544677e-02;-9.739345697745581398e-02;-1.693526753268265739e-01;-2.930821708416487398e-02;-1.298468804298512531e-02;-3.868935423134158696e-02
2.333925643934765815e-01;3.426173216489335899e-02;5.196364368656097160e-02;-8.056486625567046977e-02;-1.217930294164353833e-01;-8.254152472910608607e-02;1.664153320898150920e-02;-1.107716959752276693e-02;1.232681096484987415e-01;-2.889866934162028250e-02;-1.343217065834651502e-01;-4.108067021578673539e-02;-3.135230700448480290e-01;-1.420347119501815525e-01;9.110865582733138068e-02;1.407292566631957453e-01;6.145345100209930606e-03;-8.779297792943369094e-03;1.753331280427830874e-01;-1.079162189667117328e-01;1.793249522636617965e-01;-1.490628972573953270e-01;-1.078847724049207188e-02;-1.732677242426728104e-01;4.956832243358281348e-02;-2.552486305415479495e-01;1.173885793748192241e-01;-1.343155506323666648e-01;1.664034368457645297e-01;-8.119626863434067920e-02;5.259094908917498479e-02;-9.356241846968208625e-03;-5.848912456576500080e-02;-2.087091362315038889e-01;-2.363848663226001401e-01;-1.077699382480255541e-01;-4.647503455284762025e-03;-1.732713870529637434e-01;-2.322252575657781926e-01;1.309411119879848040e-01;-5.259748524890865695e-02;-6.682538623960732060e-02;-7.163722306180338173e-02;-1.113121178877283790e-01;2.702324224285019838e-01;-9.104413913856396201e-02;1.919853937256187915e-01;-7.111225729451466082e-02;7.841534707837267970e-02;3.122055713646534336e-01
2.319237930241801193e-01;-1.818832653701400459e-01;-2.460888800341318877e-02;-1.744445010084959558e-01;1.105684797267193625e-01;-1.078012403902545158e-01;-8.703747332593302077e-02;-1.251020371890176897e-01;-9.885119737392480954e-02;2.744288229193367901e-01;6.865268978081294493e-02;1.495461446450769005e-01;4.791371727471749331e-02;-1.176489093372115741e-01;1.026277854996651973e-01;1.506235465802999440e-01;-4.318714537407130488e-02;1.037920437876572316e-01;1.781803291851015436e-01;2.176357073877514536e-01;-1.644370903329426536e-01;-6.555563612610437740e-02;-2.045845426206144568e-01;3.641217511617540065e-02;1.974664584206179546e-02;1.173704504552291056e-01;-8.982909203630883022e-02;-1.919063649130684779e-01;2.319456037114382141e-01;5.049501345996485618e-02;-2.465215030902595250e-01;4.807983688084414148e-03;1.535792617813514227e-01;5.992949722795322398e-02;2.591268424354607747e-02;2.226325627483655423e-01;-6.657906487763236292e-02;8.746231072842140797e-02;-1.871228184324965349e-01;-1.085371716405442305e-01;1.110765428001783961e-01;-6.723753904421889659e-03;4.465309180709571557e-02;-2.022411738964829953e-01;-8.957516537374606014e-02;-1.573200200534209947e-01;-1.192730360966628711e-01;-2.172079163651880751e-01;2.041994988600710492e-01;-5.983273098124727851e-02
1.738026038076971869e-01;-3.358913325076826745e-02;3.699202719947593948e-02;-2.240975839078172827e-01;1.760134832077399070e-01;1.409043205577509283e-01;-7.062908466537765051e-02;1.937962825312024295e-01;-7.821573204423110104e-02;-1.597088399447123552e-01;3.067456539713580340e-03;-1.063780862593837959e-02;-2.069737653146999090e-01;-4.558512484637628620e-02;-1.582755926885445474e-01;-3.807264626692660747e-02;1.808770606167041384e-02;-1.642834014378193597e-01;3.300038809908613091e-01;-1.469193694922738269e-01;-8.085751935549635727e-02;2.861445110309731102e-02;-4.191305785788703581e-02;-1.297336341478134980e-01;-3.664981059482398662e-02;2.758381498940435939e-01;-7.452022917998683826e-02;6.872297260536811003e-02;5.528865942560158564e-02;4.896953193744087163e-02;-9.331523368457457501e-02;-2.763601418380384755e-02;-2.262193128096010863e-01;-4.692320299057431421e-02;-3.391248058698638317e-03;6.630500272474398882e-02;-1.592842816094416636e-01;-1.025005891155891802e-01;-3.945844340900162006e-02;4.600180751349733366e-02;-5.807760007379942496e-02;-2.127644820577477003e-01;-1.875789384297690543e-01;1.477306272641039642e-01;9.267998501851522353e-02;2.738903502904315723e-01;-2.388572517636900622e-02;5.878705602649048068e-02;3.178634749978573315e-02;-3.775199571230575812e-01
3.951311842519443507e-02;1.723680263082673358e-01;3.018633471514892141e-01;9.195852968733382593e-02;2.425664174864937059e-02;-1.434938734546819805e-01;-1.165235017526413952e-01;1.245409647260313779e-01;-4.512181699060764661e-02;9.653321080687636557e-03;3.911621014838450455e-02;1.341764188604095687e-01;2.285961547515722170e-01;1.927069271797144101e-01;9.854033001160054928e-02;-6.224121461844539516e-02;1.376408752769325838e-01;-3.062000132549993481e-01;2.512085010706311110e-04;-6.374545649042974438e-03;-9.887598116664380460e-03;1.456813548504084788e-01;-4.082180078143975155e-02;9.461309316774388356e-02;6.142833205339946756e-03;-2.390546484860410492e-01;-5.344392230730954374e-02;-9.520217810925776791e-02;-1.807310452948538426e-01;2.920620637459239721e-02;-1.670360307241800513e-01;-1.393051139855125409e-01;-2.023816996040234129e-02;-1.263931296856665998e-01;-2.542200475665534198e-01;2.059294697302576638e-01;-4.187100125708942411e-02;2.028253689467114373e-01;-1.033692438508821976e-01;-7.729794394315042672e-02;-1.430424285945788021e-01;1.243415924315162402e-01;-2.216252021761231927e-01;-1.874879563025922402e-01;-4.461071391567539290e-03;2.628437212254938760e-01;1.122571142732852467e-01;1.021108436570482975e-02;1.180301671275213043e-01;2.695648561212300731e-02
7.416176159084862662e-02;1.659950616715376859e-01;2.124658802523148871e-01;2.846153270699509560e-02;1.274235087205258798e-01;5.697029524714196380e-02;-1.437959810963285734e-01;-4.288817619633915335e-02;-2.690305121019503920e-01;4.496632658886984962e-02;-1.290013361106819856e-01;-1.438470752156343624e-01;5.822192746741835373e-02;1.558603152361155014e-02;4.869227434427086595e-03;1.646119984035493977e-01;1.230964432278310872e-01;2.463260527739065953e-01;-1.388518454020801762e-01;1.651629945619834672e-01;-2.781055510511287188e-01;-1.020461122524371489e-01;-4.924684558078561841e-02;-1.110381732994040194e-01;-2.922346326660518190e-01;-1.112855036583284066e-02;1.668576598401915745e-01;-2.031402035517677895e-02;-2.159131874546513230e-01;-2.901423732022086477e-01;1.491801165435462651e-01;8.537119515583292684e-02;-1.559405262831343730e-01;1.131887681810511553e-01;-7.274955042954324436e-02;-3.229576739954063969e-02;1.237822746377417321e-01;-1.213198430270857713e-02;-4.900815333069158397e-02;8.242968925318916451e-02;-5.404946037695265021e-02;-3.193540278273466204e-01;-4.356458597502187863e-02;2.816523149731609693e-02;-1.366868024985269381e-01;-1.563593492367804788e-02;9.510813112542648717e-02;8.877586772122240955e-03;1.835581242375159960e-01;3.342027622713503177e-03
1.170224067878434526e-01;-6.333115699661971687e-02;7.011019744639383419e-03;-1.592850616134302427e-02;2.004389630039653536e-01;9.005483864897087520e-02;-1.901085669637193609e-01;1.608234487919453781e-01;-1.662111604834378212e-02;-2.840371094242705174e-03;-2.159379013082939613e-01;-2.208027707642896131e-01;2.858105846921252247e-01;7.155883400682269690e-02;-9.598557912047486762e-02;-8.793524290292370482e-02;5.088782611883316265e-02;-2.289710019553025111e-01;-1.640628940689847215e-01;1.298095496882927524e-01;5.753099164962981182e-02;-1.106888967615049235e-01;2.378609611414049252e-01;-7.368583004834089456e-02;-2.662843715509531639e-03;5.379449001756779480e-02;-1.122344445616456077e-01;-1.681522587377824729e-04;8.240902871644038841e-02;1.853954940008279983e-01;-4.136322371107858942e-02;2.942924766787328172e-01;-3.023481401531520618e-02;7.786072934875624615e-03;-4.718889004352072591e-02;5.008586680412707715e-02;3.399837808271215234e-02;-2.515319768122186161e-01;-2.646438705990052792e-02;-1.374915629913702753e-01;-3.054925342438783928e-02;1.296290124106099784e-01;-2.187978264487634716e-01;1.776205877892723384e-01;1.085241032390558968e-01;-2.852403866581392777e-01;-8.311199671782645848e-02;-1.945768387113648301e-01;4.524128949893788110e-02;1.552262402594490331e-01
5.014337818632311899e-02;1.791231035249817027e-01;-3.242522730075256959e-02;1.732108388458204473e-01;-2.047435060479970564e-02;-8.799265060172077602e-02;-9.275669253617585541e-02;2.978903268880533917e-01;9.729789035595874658e-02;-8.694076670151355823e-02;-1.833789440788451408e-01;-2.245859531482997384e-01;-1.377773217730514088e-01;-1.457394676547125179e-01;-5.544247303206589761e-02;-2.637500992515933174e-01;-9.407467464269425594e-02;1.454497358120112604e-01;1.303092943009437898e-01;4.737307906083353809e-02;-1.824600510089260386e-01;2.237994801307395532e-01;9.807807732400465606e-02;-7.488090577957549204e-03;2.105374088267563948e-01;5.429897388986524437e-02;-2.417494314113018961e-01;-5.152968642157239321e-02;1.134137226623258277e-01;-1.804025131949869021e-01;2.174562418780276174e-01;2.309149531975662403e-02;7.738752999100254049e-02;3.727051544149471290e-02;-1.606417542420519179e-02;2.040417897774961242e-01;3.269744620253251521e-01;6.800903745794351085e-02;-2.086637983391019802e-01;-5.347764860063809050e-02;6.481292056396578682e-02;9.489046078204466106e-02;1.100983403187860005e-01;-1.339642348417644790e-01;-6.309635561605064780e-02;3.533196112324212684e-02;-6.259942193502673891e-02;7.645862290518762316e-02;6.769377794928169156e-02;-3.080848820094817322e-02
1.562311472596832340e-01;5.785916965978582516e-02;-2.760376959490868365e-01;1.421312497162026400e-01;2.417006749919515252e-01;-2.587777348775773811e-01;9.717031081220123268e-02;2.901267732879288849e-03;3.138296325714588775e-02;-6.436324172045726488e-02;5.191926845473976426e-02;-1.053623985695596177e-01;-6.845957332557740804e-02;6.542561971588621572e-02;-6.861106498351787764e-02;-4.335801624948835281e-02;-2.828474695688952267e-01;1.452502591184980096e-01;-8.860315776195762383e-02;1.901623952053473898e-01;1.387751633234926840e-01;1.581859530532263858e-01;-4.560632001800810076e-02;3.692960512785731231e-02;1.257010837302434958e-01;-1.110447154563974914e-01;7.595461653387203249e-02;8.092586617555989903e-02;-9.793264842789767277e-02;1.431617035415419861e-02;5.329208995629788892e-04;-2.162341401210327030e-02;1.190463225315020468e-01;8.457740622386888951e-02;-8.367574108712501346e-02;8.744432394099412031e-02;-8.629085967054055117e-02;3.352804549729213046e-02;1.780692713984981523e-01;2.049635411137499252e-01;-2.003002173895169213e-01;-1.562224480128911186e-01;-2.503549432636302807e-01;-3.087142979133331716e-02;4.959868265146630262e-02;-6.843372627164989730e-02;2.084196646344664838e-01;-3.385521780523408353e-01;-3.558573776491706642e-02;-2.238208746860620990e-01
9.703923113968962455e-03;9.794263415419585117e-02;2.481409593880234965e-01;6.274466340068672598e-02;2.388697602111206353e-01;-1.571580242704295194e-01;2.407405246941629329e-01;-1.403177047861082771e-01;3.120241474839643980e-01;9.285801238490395959e-02;-9.677658405160345645e-02;-5.336506995318631569e-02;-2.421856037852673782e-01;1.774307355028559574e-01;1.626534761513572513e-01;-9.753699020187255042e-02;2.411268824835654384e-02;-6.518097494121795343e-02;5.102279362360601089e-03;-6.960579195430723065e-02;-1.798132475078060843e-01;-1.363382401594236959e-01;-7.039659619324568907e-02;3.352333677261650630e-02;-1.290742042738647795e-03;8.649795860032644113e-02;-3.175216741017837796e-01;-7.067642334987675468e-02;-5.083272667398144873e-02;2.738630935223114737e-01;9.547866061411566796e-02;1.712634673969359589e-01;8.646726562287633533e-02;-6.788009974771204436e-02;7.753284048851757926e-02;-1.550166077316017244e-01;-3.336896666048505544e-02;7.061449893340593364e-02;9.384294839719098391e-02;9.031393471981273569e-02;6.089107309907099835e-02;-2.333143820946398106e-01;-1.102929348557613043e-01;2.471203305244819987e-02;-2.056500379308170146e-01;6.608474278278730907e-02;-1.048915210290547878e-01;-3.420852513608146905e-02;2.761433007848657084e-02;1.713636925022420932e-01
1.694923318230241449e-01;1.767568680878616461e-01;-4.512362002623437895e-02;7.236224909737723476e-02;-2.286708635051376004e-01;1.424545084210953882e-01;-2.283248412436265085e-01;-1.073863777485808274e-01;1.080843439024492397e-01;-2.668320186394396859e-02;-1.298035586181864320e-02;-7.683438621215241127e-02;-1.358580998760332281e-01;2.197445418262030659e-01;1.225786048971331567e-02;-1.518969837388337851e-01;7.204982457158369547e-02;8.819267979831296733e-02;3.467702234125743382e-02;8.781394705945579082e-02;2.416804686792257961e-01;-1.111819295107125960e-01;-2.330318206685521309e-01;-5.614401026528144378e-02;-3.031673023434117153e-01;-2.501790199646782287e-01;-9.175702513281429329e-02;3.700319413640296151e-02;3.743719673062425451e-02;9.338232593562983963e-02;1.184629859187132511e-01;1.367411250025688529e-01;2.113828701787657735e-02;2.120878177167861145e-01;-2.365425448632374819e-02;1.588398650204301266e-01;-2.237961276634256036e-01;-5.005404320612498459e-02;-4.752671110813724148e-02;1.776465062446661025e-01;1.300106526822893960e-01;2.352656527240112871e-01;6.742838255867079911e-02;6.009591106518631654e-02;-8.485873943033755973e-02;9.889588780305887117e-02;-1.934348186009343662e-01;-4.143318824708514675e-02;5.514195456956797609e-02;-1.833896025899387494e-01
1.528159626985081398e-01;-8.765217525729478154e-02;1.670827807472117510e-01;2.006505555864505630e-01;1.208515561669431665e-01;6.299911396746314673e-02;-2.122050887154447729e-01;-1.655294506956095923e-01;3.193955485575086101e-02;-1.072835019829727378e-02;-2.305080574598293575e-04;1.110295287379385321e-01;-1.549752597025518541e-01;-1.210529338152070838e-01;2.089148066072424592e-01;-5.793764309881901248e-03;-7.526252372921687916e-02;-1.425076555332281392e-01;-2.207263457662762551e-01;1.209174774554923754e-01;-1.761813797070393428e-01;-9.958488765331165171e-02;4.232112273535735408e-02;-1.893302116849271688e-01;3.541958436909115049e-01;-1.595761982443270055e-01;2.938773520355519170e-02;2.369409192381128071e-01;1.722227360267876983e-01;-5.342430634425619773e-02;9.585252775351389698e-02;-1.497875501338915005e-01;-9.223403184675003919e-02;-5.995385723859684990e-02;-1.208432044093371849e-01;-3.292857255658185323e-03;-1.854965979540648402e-01;-1.235923984071392034e-01;9.816864380855513939e-02;-1.569508001406414444e-01;1.757207259607969016e-03;7.850864067851898165e-02;7.518569180310483158e-02;7.452898813668357159e-02;-2.603672308526474022e-01;-7.510937873744204241e-02;7.464618710141540658e-02;1.400214466332872221e-01;-9.072247492573159988e-02;-1.977696232637272400e-01
1.941133270191792715e-01;4.399057059213826171e-02;-8.503802443566027547e-02;-1.467571591770405193e-01;1.556564662856715908e-01;1.188627592693734525e-01;-5.435902875840774306e-02;-6.720990904957929377e-03;1.342432611472731407e-01;-2.029195358361537416e-01;-9.365028555039933700e-02;-7.693945921124459297e-02;3.551708070258341454e-02;-1.317927205219047992e-01;-4.350325423541130665e-02;1.917793414961256604e-01;6.697749835359359180e-03;-2.485771203896549597e-01;-8.325860111848101819e-02;1.152358317370591606e-01;3.176660397519159157e-02;2.828869686482637924e-01;-6.883979004166967952e-02;5.752245690472469059e-02;-7.125422925149044184e-02;1.037565370267350545e-01;1.996625295011756826e-02;-9.005836143591613996e-02;4.757711009606995639e-02;-3.679762042863227861e-02;1.815164038093208254e-01;-8.346857747710212383e-03;-1.191951707382749026e-01;1.513773521126568211e-01;-7.455483488124237113e-02;-2.029196051855899630e-01;-2.173009844501637700e-01;3.551821645978995301e-01;-7.501225132994991662e-02;-5.365143226973274893e-02;-8.295442176501113818e-02;3.500132239160266140e-02;2.954998800446471674e-01;2.733006105809482333e-03;-1.212917990069372898e-01;1.249521281568453240e-01;-1.294489774975912319e-02;-2.245027120702445811e-01;-1.795275086496724015e-01;2.294717731821166729e-01
6.916980284333987435e-03;5.734021569375174349e-02;1.055202452776055240e-02;2.519193182104437767e-01;1.129993820417631856e-01;-5.490089196426739537e-02;3.420845940856485218e-02;1.064455233674205803e-01;4.911373204486533389e-02;-5.606169897152889908e-02;-2.891255916429697620e-02;2.818699760093426598e-01;-6.901915030034759535e-02;1.194991685241604956e-01;8.154766123466518357e-02;1.398415027804603139e-01;2.560780285370672371e-01;3.362744316557924606e-01;-8.070323221352308785e-02;-7.473636198016686029e-03;-1.451233485887739594e-01;1.186524666814563755e-01;7.931402872054407749e-02;-2.037954027668761048e-01;-5.270693742058330661e-02;2.007947808284518687e-01;-1.255534133549459086e-01;-2.043317436888955618e-01;9.134919682701349297e-02;6.154455789746660077e-02;-5.380030226480714273e-02;-2.113663030527722642e-01;-8.838487686083047745e-02;1.344581535603136535e-01;-5.941059736311789241e-02;3.288474820527379633e-02;-6.456989412021993391e-02;-1.978130307302132240e-01;2.000310642292210395e-01;-4.327499703065548764e-03;-1.965997413527903123e-02;2.427934443421039257e-01;1.139172080068516224e-01;1.422664738527524841e-01;2.638187867811749854e-01;1.395732901032184781e-01;4.979292088329324850e-02;-1.924029984565259754e-01;1.001786477425600091e-02;1.007400600296298465e-01
