0.0;99.0;3.0528417
0.0;98.0;2.90328161
0.0;97.0;3.05511992
0.0;96.0;3.10112349
0.0;95.0;3.11508914
0.0;94.0;2.66811501
0.0;93.0;2.72636506
0.0;92.0;2.75410328
0.0;91.0;3.07295704
0.0;90.0;2.94169948
0.0;89.0;2.67460992
0.0;88.0;3.12909048
0.0;87.0;3.00108071
0.0;86.0;3.17109724
0.0;85.0;3.2610848
0.0;84.0;3.14055643
0.0;83.0;3.2177477
0.0;82.0;3.00386414
0.0;81.0;3.26507053
0.0;80.0;2.23582472
0.0;79.0;3.25654344
0.0;78.0;3.08372011
0.0;77.0;3.11798193
0.0;76.0;3.21757242
0.0;75.0;2.69685337
0.0;74.0;2.92641906
0.0;73.0;3.4557103
0.0;72.0;3.06528725
0.0;71.0;3.08483199
0.0;70.0;3.34289828
0.0;69.0;3.24643716
0.0;68.0;2.65233442
0.0;67.0;2.7444282
0.0;66.0;3.01937321
0.0;65.0;2.94903796
0.0;64.0;2.73086871
0.0;63.0;3.08999259
0.0;62.0;3.43608227
0.0;61.0;2.8403248
0.0;60.0;2.85570973
0.0;59.0;2.78243966
0.0;58.0;3.09620885
0.0;57.0;2.53464149
0.0;56.0;3.48788169
0.0;55.0;3.21164826
0.0;54.0;3.25014149
0.0;53.0;2.81697314
0.0;52.0;3.05657647
0.0;51.0;3.17677858
0.0;50.0;3.27476363
0.0;49.0;3.05564913
0.0;48.0;3.31093905
0.0;47.0;3.02591455
0.0;46.0;2.80928386
0.0;45.0;3.18304302
0.0;44.0;2.09059526
0.0;43.0;3.31899203
0.0;42.0;3.1896291
0.0;41.0;3.06170694
0.0;40.0;3.56666605
0.0;39.0;3.34531249
0.0;38.0;2.89797379
0.0;37.0;3.00011735
0.0;36.0;3.24113426
0.0;35.0;2.56032561
0.0;34.0;3.18797785
0.0;33.0;2.7840469
0.0;32.0;3.40847031
0.0;31.0;3.00996144
0.0;30.0;3.08336914
0.0;29.0;2.53960845
0.0;28.0;3.10261543
0.0;27.0;3.2195113
0.0;26.0;3.1381786
0.0;25.0;2.89590716
0.0;24.0;3.11993599
0.0;23.0;3.0822233
0.0;22.0;2.63338345
0.0;21.0;3.00435349
0.0;20.0;2.94586237
0.0;19.0;3.00965704
0.0;18.0;3.1462325
0.0;17.0;2.97075424
0.0;16.0;3.03478381
0.0;15.0;3.59843147
0.0;14.0;3.19865702
0.0;13.0;3.33027065
0.0;12.0;3.06319997
0.0;11.0;3.1472791
0.0;10.0;3.21284286
0.0;9.0;2.60686054
0.0;8.0;2.93672278
0.0;7.0;2.81002313
0.0;6.0;3.11759701
0.0;5.0;2.62903492
0.0;4.0;3.63370023
0.0;3.0;3.42227174
0.0;2.0;3.45146346
0.0;1.0;3.07962608
0.0;0.0;4.13781275
1.0;99.0;0.63822153
1.0;98.0;0.89587526
1.0;97.0;0.95621258
1.0;96.0;1.15476849
1.0;95.0;1.40868962
1.0;94.0;1.04366362
1.0;93.0;0.80808138
1.0;92.0;1.90104356
1.0;91.0;0.83467604
1.0;90.0;1.27454079
1.0;89.0;0.80829091
1.0;88.0;0.92960169
1.0;87.0;1.21874243
1.0;86.0;1.37743545
1.0;85.0;1.35194133
1.0;84.0;1.17731199
1.0;83.0;1.64144425
1.0;82.0;1.45914019
1.0;81.0;1.06319016
1.0;80.0;1.36002384
1.0;79.0;1.10801939
1.0;78.0;0.76340484
1.0;77.0;1.26804005
1.0;76.0;1.23327214
1.0;75.0;1.22138026
1.0;74.0;0.78501912
1.0;73.0;1.34482243
1.0;72.0;0.98744149
1.0;71.0;1.31651237
1.0;70.0;1.7515728
1.0;69.0;1.30267397
1.0;68.0;1.97434455
1.0;67.0;1.64106013
1.0;66.0;0.91155964
1.0;65.0;1.27540659
1.0;64.0;1.23251807
1.0;63.0;0.88530345
1.0;62.0;0.9103744
1.0;61.0;1.2366809
1.0;60.0;1.39958454
1.0;59.0;0.9170516
1.0;58.0;1.15905029
1.0;57.0;0.31547277
1.0;56.0;0.82333655
1.0;55.0;1.40141212
1.0;54.0;1.06561657
1.0;53.0;1.15646683
1.0;52.0;1.31145485
1.0;51.0;1.23497366
1.0;50.0;0.81118355
1.0;49.0;1.2813143
1.0;48.0;1.37759897
1.0;47.0;0.78679182
1.0;46.0;1.85769599
1.0;45.0;1.42320639
1.0;44.0;1.14950038
1.0;43.0;1.00564746
1.0;42.0;1.32016112
1.0;41.0;1.1557683
1.0;40.0;1.43791569
1.0;39.0;0.75389166
1.0;38.0;0.81772204
1.0;37.0;0.70703337
1.0;36.0;1.31630231
1.0;35.0;0.80098148
1.0;34.0;0.69157582
1.0;33.0;1.2721965
1.0;32.0;1.62563028
1.0;31.0;1.1200622
1.0;30.0;1.08554337
1.0;29.0;0.94178442
1.0;28.0;1.07808935
1.0;27.0;0.77103929
1.0;26.0;0.97889299
1.0;25.0;0.98200269
1.0;24.0;1.72445246
1.0;23.0;1.70995209
1.0;22.0;1.4668165
1.0;21.0;1.34357726
1.0;20.0;1.46794969
1.0;19.0;1.40840722
1.0;18.0;1.35046252
1.0;17.0;1.40242134
1.0;16.0;1.47333012
1.0;15.0;0.76405351
1.0;14.0;1.81602682
1.0;13.0;1.14791102
1.0;12.0;0.93890965
1.0;11.0;1.30366567
1.0;10.0;1.440575
1.0;9.0;1.41922408
1.0;8.0;1.48259287
1.0;7.0;1.52365246
1.0;6.0;1.35494252
1.0;5.0;1.26101479
1.0;4.0;0.62005958
1.0;3.0;1.37003914
1.0;2.0;1.03828062
1.0;1.0;2.57025431
1.0;0.0;1e-08
2.0;99.0;0.68388709
2.0;98.0;0.61989771
2.0;97.0;1.18645613
2.0;96.0;0.66230928
2.0;95.0;0.84796194
2.0;94.0;0.69607487
2.0;93.0;0.94101912
2.0;92.0;0.35873945
2.0;91.0;0.69888556
2.0;90.0;1.20838994
2.0;89.0;0.26697291
2.0;88.0;0.64502013
2.0;87.0;0.47745383
2.0;86.0;1.12865407
2.0;85.0;0.29904003
2.0;84.0;0.71044208
2.0;83.0;1.13390989
2.0;82.0;0.76498173
2.0;81.0;0.09507278
2.0;80.0;1.07302397
2.0;79.0;0.97204147
2.0;78.0;0.41634782
2.0;77.0;0.47159809
2.0;76.0;0.72484489
2.0;75.0;0.62522348
2.0;74.0;1.06663943
2.0;73.0;0.39011064
2.0;72.0;0.46852233
2.0;71.0;0.80277997
2.0;70.0;0.09536
2.0;69.0;0.99631285
2.0;68.0;0.72869884
2.0;67.0;0.39209457
2.0;66.0;0.67932517
2.0;65.0;0.46486981
2.0;64.0;0.705828
2.0;63.0;0.32644641
2.0;62.0;0.84005101
2.0;61.0;0.63394088
2.0;60.0;0.25175541
2.0;59.0;0.86469209
2.0;58.0;0.53961803
2.0;57.0;0.11257249
2.0;56.0;0.36821199
2.0;55.0;0.34521658
2.0;54.0;0.88452028
2.0;53.0;0.44040257
2.0;52.0;0.2184492
2.0;51.0;0.99736278
2.0;50.0;0.77280122
2.0;49.0;0.74581486
2.0;48.0;0.80435885
2.0;47.0;0.87017299
2.0;46.0;0.65520982
2.0;45.0;0.08569228
2.0;44.0;1.10071251
2.0;43.0;0.60968966
2.0;42.0;0.36875884
2.0;41.0;0.87290373
2.0;40.0;0.32236322
2.0;39.0;0.67077325
2.0;38.0;0.68489738
2.0;37.0;0.74096499
2.0;36.0;0.47752949
2.0;35.0;0.91534732
2.0;34.0;0.33066388
2.0;33.0;1.11147605
2.0;32.0;0.17466758
2.0;31.0;0.83573777
2.0;30.0;0.8582432
2.0;29.0;1.23176369
2.0;28.0;0.74583003
2.0;27.0;0.49479673
2.0;26.0;0.82419064
2.0;25.0;0.53044345
2.0;24.0;0.94374883
2.0;23.0;0.53922803
2.0;22.0;0.44582179
2.0;21.0;0.3976064
2.0;20.0;0.8371224
2.0;19.0;1.13992015
2.0;18.0;1.1498485
2.0;17.0;0.58722972
2.0;16.0;0.38370888
2.0;15.0;0.49276773
2.0;14.0;0.29276834
2.0;13.0;0.613178
2.0;12.0;0.69111816
2.0;11.0;0.80462826
2.0;10.0;0.42259902
2.0;9.0;0.1703619
2.0;8.0;0.52888628
2.0;7.0;0.61535544
2.0;6.0;0.26661252
2.0;5.0;0.63446707
2.0;4.0;0.72393518
2.0;3.0;0.57902146
2.0;2.0;1.95655481
2.0;0.0;-1e-08
3.0;99.0;0.68331455
3.0;98.0;0.78467879
3.0;97.0;0.13319157
3.0;96.0;0.36366848
3.0;95.0;0.25726608
3.0;94.0;0.38031144
3.0;93.0;1.10453562
3.0;92.0;0.00241165
3.0;91.0;0.77520575
3.0;90.0;0.78290666
3.0;89.0;0.72591395
3.0;88.0;0.44761408
3.0;87.0;0.35454361
3.0;86.0;0.62609024
3.0;85.0;0.50535555
3.0;84.0;0.84693238
3.0;83.0;0.37010763
3.0;82.0;0.75734075
3.0;81.0;0.91305571
3.0;80.0;0.61405142
3.0;79.0;0.48234137
3.0;78.0;0.49789725
3.0;77.0;1.14787948
3.0;76.0;0.49743886
3.0;75.0;0.37339031
3.0;74.0;1.06233782
3.0;73.0;0.14029752
3.0;72.0;0.62097711
3.0;71.0;0.41996314
3.0;70.0;0.71730546
3.0;69.0;0.90671524
3.0;68.0;0.56864342
3.0;67.0;0.53615957
3.0;66.0;0.55836362
3.0;65.0;0.68803033
3.0;64.0;0.79274713
3.0;63.0;0.66634127
3.0;62.0;1.00391261
3.0;61.0;0.71829354
3.0;60.0;0.25840504
3.0;59.0;1.06788354
3.0;58.0;0.11114245
3.0;57.0;0.47271005
3.0;56.0;0.13830409
3.0;55.0;0.04933239
3.0;54.0;0.86162657
3.0;53.0;0.62619408
3.0;52.0;0.64974885
3.0;51.0;0.16849989
3.0;50.0;0.52736674
3.0;49.0;0.30062273
3.0;48.0;0.50858913
3.0;47.0;0.43490908
3.0;46.0;0.60509791
3.0;45.0;0.33671868
3.0;44.0;0.22570187
3.0;43.0;1.39737191
3.0;42.0;0.50820531
3.0;41.0;0.67549693
3.0;40.0;0.68064103
3.0;39.0;0.16479724
3.0;38.0;0.11665325
3.0;37.0;0.79741476
3.0;36.0;0.76756087
3.0;35.0;0.10476504
3.0;34.0;0.71016441
3.0;33.0;0.58967789
3.0;32.0;0.42566015
3.0;31.0;0.07604697
3.0;30.0;-0.02736796
3.0;29.0;0.18787245
3.0;28.0;0.42965281
3.0;27.0;0.33748017
3.0;26.0;0.62629785
3.0;25.0;0.62250149
3.0;24.0;0.76748804
3.0;23.0;0.8002098
3.0;22.0;0.37758354
3.0;21.0;0.17948901
3.0;20.0;0.62694074
3.0;19.0;0.30941882
3.0;18.0;0.71060528
3.0;17.0;0.49713077
3.0;16.0;0.64883855
3.0;15.0;1.12389751
3.0;14.0;0.62132206
3.0;13.0;0.76704379
3.0;12.0;0.49436233
3.0;11.0;0.6469153
3.0;10.0;0.63436519
3.0;9.0;0.49357721
3.0;8.0;0.48204302
3.0;7.0;0.08603152
3.0;6.0;0.04915038
3.0;5.0;0.52471473
3.0;4.0;0.3634506
3.0;3.0;2.23712182
3.0;1.0;1e-08
3.0;0.0;-1e-08
4.0;99.0;0.23237378
4.0;98.0;0.27760472
4.0;97.0;1.03504727
4.0;96.0;0.66322634
4.0;95.0;0.62604963
4.0;94.0;0.43784215
4.0;93.0;0.86926254
4.0;92.0;0.75805914
4.0;91.0;0.92097893
4.0;90.0;0.63178063
4.0;89.0;0.95358144
4.0;88.0;0.98310359
4.0;87.0;0.62085643
4.0;86.0;0.27828032
4.0;85.0;0.4224098
4.0;84.0;0.44630115
4.0;83.0;0.74599869
4.0;82.0;0.79617195
4.0;81.0;0.38071053
4.0;80.0;0.92654855
4.0;79.0;0.02591451
4.0;78.0;0.40598752
4.0;77.0;0.55870067
4.0;76.0;1.04573208
4.0;75.0;0.7739937
4.0;74.0;0.60727989
4.0;73.0;0.88206332
4.0;72.0;0.75665002
4.0;71.0;0.88983065
4.0;70.0;0.59206274
4.0;69.0;0.91212193
4.0;68.0;0.3660071
4.0;67.0;0.72475376
4.0;66.0;0.41847363
4.0;65.0;0.64837614
4.0;64.0;0.61133357
4.0;63.0;0.97851304
4.0;62.0;0.42426342
4.0;61.0;0.55105866
4.0;60.0;0.46290759
4.0;59.0;0.75610585
4.0;58.0;0.09938671
4.0;57.0;0.61248439
4.0;56.0;1.03380983
4.0;55.0;0.27626306
4.0;54.0;1.00168392
4.0;53.0;0.28087323
4.0;52.0;0.26439018
4.0;51.0;0.58148718
4.0;50.0;0.29024068
4.0;49.0;0.6447179
4.0;48.0;0.74302332
4.0;47.0;0.57488144
4.0;46.0;0.22632928
4.0;45.0;0.54900935
4.0;44.0;0.52447556
4.0;43.0;0.76861001
4.0;42.0;0.52463286
4.0;41.0;0.31750406
4.0;40.0;0.43541097
4.0;39.0;0.41672485
4.0;38.0;0.61805792
4.0;37.0;0.22944524
4.0;36.0;0.48775354
4.0;35.0;0.67065216
4.0;34.0;0.8847709
4.0;33.0;1.06957553
4.0;32.0;0.41405185
4.0;31.0;0.22821333
4.0;30.0;0.32641779
4.0;29.0;0.6605833
4.0;28.0;0.60700476
4.0;27.0;0.21275042
4.0;26.0;0.85319393
4.0;25.0;0.84561247
4.0;24.0;0.22176357
4.0;23.0;0.43548367
4.0;22.0;0.77508261
4.0;21.0;0.60546674
4.0;20.0;0.34582075
4.0;19.0;0.27507489
4.0;18.0;0.55112299
4.0;17.0;0.17286393
4.0;16.0;0.66712478
4.0;15.0;0.58289897
4.0;14.0;0.37997523
4.0;13.0;0.85792749
4.0;12.0;0.73509336
4.0;11.0;0.7588805
4.0;10.0;0.30438176
4.0;9.0;0.31042632
4.0;8.0;0.22465593
4.0;7.0;0.38426365
4.0;6.0;0.7629075
4.0;5.0;1.09912744
4.0;4.0;2.24800931
4.0;0.0;1e-08
5.0;99.0;0.55195275
5.0;98.0;0.43630117
5.0;97.0;0.4604997
5.0;96.0;0.16414038
5.0;95.0;0.63311925
5.0;94.0;-0.17334673
5.0;93.0;0.00541162
5.0;92.0;0.55023424
5.0;91.0;-0.21000263
5.0;90.0;0.21765239
5.0;89.0;0.23256854
5.0;88.0;0.046389
5.0;87.0;0.08390881
5.0;86.0;0.55860138
5.0;85.0;0.28622345
5.0;84.0;0.77609813
5.0;83.0;0.3048994
5.0;82.0;0.02018693
5.0;81.0;0.187102
5.0;80.0;0.37850355
5.0;79.0;0.79184402
5.0;78.0;0.30035823
5.0;77.0;0.47150731
5.0;76.0;0.44995156
5.0;75.0;0.56448366
5.0;74.0;0.63376759
5.0;73.0;0.28171381
5.0;72.0;0.2124734
5.0;71.0;0.56028915
5.0;70.0;0.57553185
5.0;69.0;0.01678208
5.0;68.0;0.80958334
5.0;67.0;0.65726374
5.0;66.0;-0.07609354
5.0;65.0;-0.19914277
5.0;64.0;0.38149235
5.0;63.0;0.30662543
5.0;62.0;0.38106882
5.0;61.0;0.53028722
5.0;60.0;0.56103372
5.0;59.0;0.66869837
5.0;58.0;0.22103662
5.0;57.0;0.08909987
5.0;56.0;0.07984325
5.0;55.0;0.5520092
5.0;54.0;0.45254203
5.0;53.0;0.29045823
5.0;52.0;0.12663502
5.0;51.0;0.42216122
5.0;50.0;0.44017562
5.0;49.0;-0.19296317
5.0;48.0;-0.04451724
5.0;47.0;0.98799184
5.0;46.0;0.79977199
5.0;45.0;0.31244821
5.0;44.0;0.43505401
5.0;43.0;0.06018217
5.0;42.0;-0.05230112
5.0;41.0;0.28408664
5.0;40.0;-0.05850698
5.0;39.0;0.13269957
5.0;38.0;-0.08471992
5.0;37.0;0.13767861
5.0;36.0;-0.38918456
5.0;35.0;0.31696033
5.0;34.0;-0.36366993
5.0;33.0;0.33015324
5.0;32.0;0.20242034
5.0;31.0;0.76603045
5.0;30.0;0.17252825
5.0;29.0;0.56780407
5.0;28.0;0.01305614
5.0;27.0;0.40236771
5.0;26.0;0.78395836
5.0;25.0;0.58182216
5.0;24.0;0.33031947
5.0;23.0;0.71966188
5.0;22.0;0.26577913
5.0;21.0;0.46982574
5.0;20.0;0.6586173
5.0;19.0;0.1876851
5.0;18.0;0.0745984
5.0;17.0;0.44808343
5.0;16.0;0.2408083
5.0;15.0;0.22130714
5.0;14.0;0.24600133
5.0;13.0;0.12018592
5.0;12.0;0.49273182
5.0;11.0;0.12216854
5.0;10.0;0.40265904
5.0;9.0;0.17452434
5.0;8.0;0.4520557
5.0;7.0;0.27480563
5.0;6.0;0.57556606
5.0;5.0;2.13114322
5.0;3.0;1e-08
6.0;99.0;-0.15806731
6.0;98.0;0.38497946
6.0;97.0;0.16142627
6.0;96.0;0.44561321
6.0;95.0;0.32835055
6.0;94.0;0.47050821
6.0;93.0;0.23730411
6.0;92.0;0.54428252
6.0;91.0;0.49385446
6.0;90.0;0.32976111
6.0;89.0;0.17279975
6.0;88.0;-0.01162984
6.0;87.0;0.25551572
6.0;86.0;0.40685111
6.0;85.0;0.58818788
6.0;84.0;-0.50600949
6.0;83.0;0.84642835
6.0;82.0;0.29940267
6.0;81.0;0.70987965
6.0;80.0;0.4062568
6.0;79.0;0.34274586
6.0;78.0;0.51510607
6.0;77.0;-0.19586258
6.0;76.0;-0.05401151
6.0;75.0;0.66182132
6.0;74.0;0.54348287
6.0;73.0;0.10968332
6.0;72.0;-0.02940701
6.0;71.0;0.52849244
6.0;70.0;0.21129835
6.0;69.0;0.49649574
6.0;68.0;-0.15440508
6.0;67.0;0.35508027
6.0;66.0;0.31190832
6.0;65.0;0.10829687
6.0;64.0;0.01920709
6.0;63.0;0.08431385
6.0;62.0;0.44045052
6.0;61.0;0.03435024
6.0;60.0;0.08260738
6.0;59.0;0.7426744
6.0;58.0;0.00818413
6.0;57.0;-0.20140207
6.0;56.0;0.22573511
6.0;55.0;-0.02690962
6.0;54.0;0.12788895
6.0;53.0;0.45173046
6.0;52.0;0.16527357
6.0;51.0;0.1524052
6.0;50.0;-0.10538683
6.0;49.0;0.47706247
6.0;48.0;0.21539845
6.0;47.0;0.64291199
6.0;46.0;-0.0126793
6.0;45.0;0.20639118
6.0;44.0;0.25249777
6.0;43.0;0.1246722
6.0;42.0;0.49739746
6.0;41.0;-0.02466861
6.0;40.0;0.07008069
6.0;39.0;0.32075341
6.0;38.0;0.26289039
6.0;37.0;0.53655966
6.0;36.0;0.34284831
6.0;35.0;0.60289548
6.0;34.0;0.68894264
6.0;33.0;0.48494584
6.0;32.0;-0.22138003
6.0;31.0;0.39562174
6.0;30.0;-0.35797764
6.0;29.0;0.47788566
6.0;28.0;0.57283728
6.0;27.0;0.48272786
6.0;26.0;0.09741418
6.0;25.0;0.08300879
6.0;24.0;0.35263862
6.0;23.0;0.35570209
6.0;22.0;0.23637694
6.0;21.0;1.04429484
6.0;20.0;0.48368979
6.0;19.0;0.18350902
6.0;18.0;0.25999218
6.0;17.0;-0.00173379
6.0;16.0;0.28391918
6.0;15.0;0.16125516
6.0;14.0;0.73948669
6.0;13.0;0.46095594
6.0;12.0;0.70953307
6.0;11.0;0.4651007
6.0;10.0;0.02929404
6.0;9.0;0.71756049
6.0;8.0;0.30072056
6.0;7.0;0.07250017
6.0;6.0;2.12962117
6.0;0.0;-2e-08
7.0;99.0;0.85810048
7.0;98.0;0.29485091
7.0;97.0;-0.01117007
7.0;96.0;0.57294598
7.0;95.0;0.22155707
7.0;94.0;0.26230965
7.0;93.0;0.52155719
7.0;92.0;0.28808781
7.0;91.0;-0.02829499
7.0;90.0;0.1692913
7.0;89.0;-0.12408776
7.0;88.0;0.25104462
7.0;87.0;0.22972505
7.0;86.0;0.40371691
7.0;85.0;0.61279649
7.0;84.0;0.26227782
7.0;83.0;0.04484679
7.0;82.0;0.24197815
7.0;81.0;0.17066952
7.0;80.0;0.35202226
7.0;79.0;0.35781588
7.0;78.0;-0.02340578
7.0;77.0;0.04238171
7.0;76.0;0.45340214
7.0;75.0;0.36475573
7.0;74.0;0.34973393
7.0;73.0;0.37839262
7.0;72.0;0.54777568
7.0;71.0;0.32160506
7.0;70.0;0.75492315
7.0;69.0;0.60538742
7.0;68.0;0.51199756
7.0;67.0;0.53581683
7.0;66.0;0.30251136
7.0;65.0;-0.13668212
7.0;64.0;0.18235476
7.0;63.0;0.08982027
7.0;62.0;-0.32547264
7.0;61.0;0.45449033
7.0;60.0;0.54497427
7.0;59.0;0.44503907
7.0;58.0;0.4264503
7.0;57.0;0.86420093
7.0;56.0;0.00944159
7.0;55.0;0.1166246
7.0;54.0;0.41733172
7.0;53.0;0.7960507
7.0;52.0;0.37519256
7.0;51.0;0.15929541
7.0;50.0;0.09791107
7.0;49.0;0.24181209
7.0;48.0;0.51865688
7.0;47.0;0.27914217
7.0;46.0;0.54082192
7.0;45.0;0.45836762
7.0;44.0;-0.14974711
7.0;43.0;0.15395119
7.0;42.0;0.412623
7.0;41.0;0.10205769
7.0;40.0;0.18783239
7.0;39.0;0.77473996
7.0;38.0;0.4168908
7.0;37.0;-0.12286401
7.0;36.0;0.6037162
7.0;35.0;0.92413272
7.0;34.0;0.54501337
7.0;33.0;0.31065102
7.0;32.0;-0.02884822
7.0;31.0;0.48173687
7.0;30.0;0.44501652
7.0;29.0;0.76750939
7.0;28.0;0.95853418
7.0;27.0;0.02864364
7.0;26.0;0.37351033
7.0;25.0;-0.08692198
7.0;24.0;0.36326957
7.0;23.0;0.89659875
7.0;22.0;0.81689291
7.0;21.0;0.44885143
7.0;20.0;0.29907447
7.0;19.0;0.10057293
7.0;18.0;0.52716678
7.0;17.0;0.50755017
7.0;16.0;0.48397577
7.0;15.0;0.68703397
7.0;14.0;0.60390753
7.0;13.0;0.75969317
7.0;12.0;0.38483847
7.0;11.0;0.36012058
7.0;10.0;0.31511884
7.0;9.0;0.3818968
7.0;8.0;0.42649502
7.0;7.0;2.11229634
7.0;6.0;-1e-08
7.0;5.0;1e-08
7.0;3.0;1e-08
7.0;0.0;-1e-08
8.0;99.0;0.21838924
8.0;98.0;0.27583277
8.0;97.0;-0.04086308
8.0;96.0;-0.10871454
8.0;95.0;0.21272797
8.0;94.0;0.47213759
8.0;93.0;-0.08965859
8.0;92.0;0.65609294
8.0;91.0;0.24996648
8.0;90.0;-0.10977881
8.0;89.0;0.21504834
8.0;88.0;-0.04675418
8.0;87.0;-0.21922023
8.0;86.0;-0.04329125
8.0;85.0;0.51019169
8.0;84.0;-0.06659684
8.0;83.0;-0.14544642
8.0;82.0;0.62082165
8.0;81.0;-0.0078907
8.0;80.0;0.50498887
8.0;79.0;-0.04866774
8.0;78.0;0.30306516
8.0;77.0;0.11563814
8.0;76.0;0.27564913
8.0;75.0;0.13313357
8.0;74.0;-0.2401882
8.0;73.0;0.15760707
8.0;72.0;-0.19167837
8.0;71.0;0.23209668
8.0;70.0;0.41059503
8.0;69.0;-0.21975324
8.0;68.0;-0.0581853
8.0;67.0;0.69103952
8.0;66.0;0.57740213
8.0;65.0;-0.1981206
8.0;64.0;0.03002018
8.0;63.0;0.2336561
8.0;62.0;0.02222859
8.0;61.0;0.16352195
8.0;60.0;0.54455671
8.0;59.0;0.17003421
8.0;58.0;0.18712256
8.0;57.0;0.43870724
8.0;56.0;0.13483144
8.0;55.0;0.27552328
8.0;54.0;0.09933023
8.0;53.0;-0.27096668
8.0;52.0;0.46834545
8.0;51.0;-0.06890175
8.0;50.0;0.2032043
8.0;49.0;0.18894779
8.0;48.0;0.13502267
8.0;47.0;1.05927764
8.0;46.0;-0.15878464
8.0;45.0;0.21469655
8.0;44.0;-0.47664618
8.0;43.0;0.33676532
8.0;42.0;0.00209109
8.0;41.0;0.22898727
8.0;40.0;0.71347015
8.0;39.0;-0.18900064
8.0;38.0;0.38147751
8.0;37.0;0.54466285
8.0;36.0;0.24880379
8.0;35.0;0.10657176
8.0;34.0;0.41848809
8.0;33.0;0.07919886
8.0;32.0;-0.17119155
8.0;31.0;0.05975626
8.0;30.0;0.12955582
8.0;29.0;0.00245879
8.0;28.0;0.1114179
8.0;27.0;-0.17751566
8.0;26.0;0.35510112
8.0;25.0;0.53819592
8.0;24.0;0.01907136
8.0;23.0;0.08962164
8.0;22.0;-0.37342203
8.0;21.0;-0.04321368
8.0;20.0;-0.00682726
8.0;19.0;0.39061105
8.0;18.0;0.10972869
8.0;17.0;0.14906178
8.0;16.0;-0.08269088
8.0;15.0;0.27949709
8.0;14.0;0.84138498
8.0;13.0;0.0955239
8.0;12.0;0.55619043
8.0;11.0;0.07581018
8.0;10.0;0.18734099
8.0;9.0;-0.2299592
8.0;8.0;2.10336264
8.0;7.0;-1e-08
8.0;5.0;-1e-08
9.0;99.0;-0.09386331
9.0;98.0;0.31891366
9.0;97.0;-0.18403612
9.0;96.0;0.19075028
9.0;95.0;0.38604929
9.0;94.0;0.11499909
9.0;93.0;0.05053694
9.0;92.0;0.22281711
9.0;91.0;0.02050036
9.0;90.0;-0.34094667
9.0;89.0;0.2855006
9.0;88.0;0.30489762
9.0;87.0;0.42742468
9.0;86.0;0.222114
9.0;85.0;-0.05349812
9.0;84.0;0.20191265
9.0;83.0;0.06526975
9.0;82.0;0.32787055
9.0;81.0;-0.06358453
9.0;80.0;0.52054954
9.0;79.0;0.2669438
9.0;78.0;-0.00085161
9.0;77.0;0.85947131
9.0;76.0;0.29779997
9.0;75.0;0.56215808
9.0;74.0;0.44472395
9.0;73.0;0.29538253
9.0;72.0;-0.16276849
9.0;71.0;-0.03706655
9.0;70.0;0.8397747
9.0;69.0;0.14827558
9.0;68.0;0.23635642
9.0;67.0;-0.02513003
9.0;66.0;0.41592088
9.0;65.0;-0.08089423
9.0;64.0;0.36059568
9.0;63.0;-0.23269654
9.0;62.0;0.28625149
9.0;61.0;0.18741996
9.0;60.0;0.72760945
9.0;59.0;0.88348185
9.0;58.0;0.4411847
9.0;57.0;0.10580922
9.0;56.0;0.18842105
9.0;55.0;0.21984182
9.0;54.0;0.36918993
9.0;53.0;0.05324601
9.0;52.0;0.01844811
9.0;51.0;0.54005526
9.0;50.0;0.31434303
9.0;49.0;0.16873323
9.0;48.0;0.60893069
9.0;47.0;0.37360754
9.0;46.0;-0.27470765
9.0;45.0;0.20926581
9.0;44.0;-0.08809452
9.0;43.0;0.52938876
9.0;42.0;0.51388942
9.0;41.0;0.22244077
9.0;40.0;-0.05493371
9.0;39.0;0.46308417
9.0;38.0;-0.02983616
9.0;37.0;0.2055793
9.0;36.0;0.1433955
9.0;35.0;0.015256
9.0;34.0;-0.32612489
9.0;33.0;0.10981946
9.0;32.0;0.36364222
9.0;31.0;0.39365435
9.0;30.0;0.04425036
9.0;29.0;0.22096475
9.0;28.0;0.42060381
9.0;27.0;0.49379706
9.0;26.0;0.21374655
9.0;25.0;-0.25883635
9.0;24.0;0.00955521
9.0;23.0;0.09552354
9.0;22.0;0.80575659
9.0;21.0;-0.03287049
9.0;20.0;0.2848883
9.0;19.0;0.28812004
9.0;18.0;0.64567243
9.0;17.0;0.09966857
9.0;16.0;0.16788458
9.0;15.0;0.20979448
9.0;14.0;0.23589261
9.0;13.0;-0.27358719
9.0;12.0;0.28906162
9.0;11.0;-0.63997072
9.0;10.0;0.07523753
9.0;9.0;2.15806007
9.0;5.0;1e-08
9.0;2.0;1e-08
9.0;1.0;1e-08
10.0;99.0;0.20812656
10.0;98.0;-0.42086224
10.0;97.0;0.11282357
10.0;96.0;0.1271903
10.0;95.0;-0.12689784
10.0;94.0;-0.01340053
10.0;93.0;0.39085749
10.0;92.0;0.42823799
10.0;91.0;0.21954708
10.0;90.0;0.25681827
10.0;89.0;0.00638088
10.0;88.0;0.19163386
10.0;87.0;-0.16195352
10.0;86.0;0.3481017
10.0;85.0;-0.1351332
10.0;84.0;-0.36827848
10.0;83.0;-0.10427467
10.0;82.0;0.09027609
10.0;81.0;0.32042384
10.0;80.0;0.18228179
10.0;79.0;-0.10285821
10.0;78.0;0.20888813
10.0;77.0;0.07798329
10.0;76.0;0.11816431
10.0;75.0;0.2762971
10.0;74.0;0.42330813
10.0;73.0;0.04980646
10.0;72.0;0.40055868
10.0;71.0;0.10609472
10.0;70.0;0.32366332
10.0;69.0;-0.26663865
10.0;68.0;0.08213322
10.0;67.0;0.15714156
10.0;66.0;-0.22392025
10.0;65.0;-0.12855449
10.0;64.0;-0.32070395
10.0;63.0;0.28556742
10.0;62.0;-0.08525042
10.0;61.0;-0.19283964
10.0;60.0;-0.40739563
10.0;59.0;-0.08557108
10.0;58.0;0.43322669
10.0;57.0;0.10789822
10.0;56.0;0.24837194
10.0;55.0;0.39242253
10.0;54.0;0.52825523
10.0;53.0;0.02854995
10.0;52.0;0.11060622
10.0;51.0;0.40722389
10.0;50.0;0.36990579
10.0;49.0;-0.25426136
10.0;48.0;0.22781579
10.0;47.0;0.05579687
10.0;46.0;-0.06104871
10.0;45.0;-0.3533028
10.0;44.0;-0.2627869
10.0;43.0;-0.04597047
10.0;42.0;-0.18285904
10.0;41.0;-0.10497057
10.0;40.0;-0.05626442
10.0;39.0;0.6263234
10.0;38.0;0.13271843
10.0;37.0;0.21227802
10.0;36.0;-0.0823061
10.0;35.0;0.07031886
10.0;34.0;-0.17778456
10.0;33.0;-0.32942277
10.0;32.0;0.15446611
10.0;31.0;-0.04848145
10.0;30.0;-0.31393204
10.0;29.0;-0.45208013
10.0;28.0;0.34749598
10.0;27.0;0.14471437
10.0;26.0;-0.20733106
10.0;25.0;0.56552094
10.0;24.0;0.05304579
10.0;23.0;0.08298936
10.0;22.0;0.18924013
10.0;21.0;0.44212395
10.0;20.0;0.12903893
10.0;19.0;-0.32503276
10.0;18.0;0.42479804
10.0;17.0;-0.3696354
10.0;16.0;-0.20783837
10.0;15.0;-0.00695325
10.0;14.0;0.11686496
10.0;13.0;-0.17908607
10.0;12.0;0.00620693
10.0;11.0;0.10708293
10.0;10.0;1.8645768
10.0;9.0;1e-08
10.0;7.0;-1e-08
10.0;2.0;-1e-08
10.0;1.0;-1e-08
11.0;99.0;0.25688132
11.0;98.0;-0.1347372
11.0;97.0;0.62267587
11.0;96.0;-0.34917504
11.0;95.0;-0.13321597
11.0;94.0;0.09278212
11.0;93.0;0.50916975
11.0;92.0;-0.05781061
11.0;91.0;0.04698631
11.0;90.0;-0.04249821
11.0;89.0;-0.13168213
11.0;88.0;0.31503254
11.0;87.0;0.34162554
11.0;86.0;-0.09068246
11.0;85.0;0.28314632
11.0;84.0;-0.16492685
11.0;83.0;0.20233006
11.0;82.0;-0.31221526
11.0;81.0;-0.04628902
11.0;80.0;0.34728911
11.0;79.0;-0.24699982
11.0;78.0;0.58800753
11.0;77.0;0.2020456
11.0;76.0;-0.00850311
11.0;75.0;-0.10733167
11.0;74.0;0.25606632
11.0;73.0;0.04291796
11.0;72.0;0.21138061
11.0;71.0;0.68434402
11.0;70.0;0.42856327
11.0;69.0;0.30018273
11.0;68.0;0.22044164
11.0;67.0;-0.01753685
11.0;66.0;0.43529178
11.0;65.0;-0.0402323
11.0;64.0;-0.45752819
11.0;63.0;-0.0084181
11.0;62.0;-0.0721815
11.0;61.0;-0.27502202
11.0;60.0;0.2410265
11.0;59.0;0.1120262
11.0;58.0;0.25074806
11.0;57.0;-0.07258887
11.0;56.0;0.15860528
11.0;55.0;0.13295269
11.0;54.0;0.38552489
11.0;53.0;0.37986332
11.0;52.0;-0.28450562
11.0;51.0;-0.22855213
11.0;50.0;0.05811242
11.0;49.0;0.01730371
11.0;48.0;-0.17517809
11.0;47.0;-0.20501253
11.0;46.0;0.24143927
11.0;45.0;0.66694501
11.0;44.0;0.22353087
11.0;43.0;-0.20018591
11.0;42.0;-0.23171487
11.0;41.0;0.37569949
11.0;40.0;0.41857904
11.0;39.0;0.44097912
11.0;38.0;0.03499791
11.0;37.0;-0.18298593
11.0;36.0;-0.31672925
11.0;35.0;-0.23781806
11.0;34.0;0.46261865
11.0;33.0;0.37944867
11.0;32.0;0.73005133
11.0;31.0;-0.43895959
11.0;30.0;-0.01692163
11.0;29.0;0.26456825
11.0;28.0;0.42022021
11.0;27.0;0.30343654
11.0;26.0;-0.24368681
11.0;25.0;0.38127388
11.0;24.0;0.36353476
11.0;23.0;-0.61077316
11.0;22.0;0.12795207
11.0;21.0;-0.17490157
11.0;20.0;0.5577958
11.0;19.0;0.20726283
11.0;18.0;0.19117118
11.0;17.0;0.32743294
11.0;16.0;-0.44818827
11.0;15.0;0.40656914
11.0;14.0;-0.08863996
11.0;13.0;-0.3388538
11.0;12.0;0.45185779
11.0;11.0;1.60542261
11.0;8.0;-1e-08
11.0;1.0;-1e-08
11.0;0.0;1e-08
12.0;99.0;0.21278922
12.0;98.0;-0.00155776
12.0;97.0;-0.17311784
12.0;96.0;0.42698877
12.0;95.0;0.55754612
12.0;94.0;0.39482862
12.0;93.0;0.34600477
12.0;92.0;0.34082301
12.0;91.0;0.25659011
12.0;90.0;0.50710254
12.0;89.0;-0.33426554
12.0;88.0;-0.03097239
12.0;87.0;0.08675629
12.0;86.0;-0.09361837
12.0;85.0;0.24468007
12.0;84.0;0.20291796
12.0;83.0;0.21687098
12.0;82.0;0.76684537
12.0;81.0;0.38635435
12.0;80.0;0.45409599
12.0;79.0;0.50032001
12.0;78.0;0.43039642
12.0;77.0;0.42775412
12.0;76.0;-0.07380933
12.0;75.0;0.26363604
12.0;74.0;0.29599365
12.0;73.0;0.94252553
12.0;72.0;0.48023946
12.0;71.0;0.12964812
12.0;70.0;0.33638913
12.0;69.0;0.03578375
12.0;68.0;0.23850216
12.0;67.0;0.0068423
12.0;66.0;0.2749073
12.0;65.0;0.06193405
12.0;64.0;0.66657742
12.0;63.0;0.38714109
12.0;62.0;0.66079613
12.0;61.0;-0.34132434
12.0;60.0;0.52733271
12.0;59.0;0.08364203
12.0;58.0;0.06190686
12.0;57.0;0.50207421
12.0;56.0;0.02506634
12.0;55.0;0.51258685
12.0;54.0;0.55047039
12.0;53.0;0.74639867
12.0;52.0;0.18000089
12.0;51.0;-0.15946636
12.0;50.0;0.69349103
12.0;49.0;-0.06215453
12.0;48.0;-0.17848992
12.0;47.0;-0.09017908
12.0;46.0;0.58718969
12.0;45.0;0.22297865
12.0;44.0;0.71178015
12.0;43.0;0.1942448
12.0;42.0;0.39744212
12.0;41.0;-0.24465716
12.0;40.0;-0.04289953
12.0;39.0;0.6460251
12.0;38.0;-0.12657907
12.0;37.0;0.34719311
12.0;36.0;0.18076424
12.0;35.0;0.3296849
12.0;34.0;-0.00739128
12.0;33.0;0.36629911
12.0;32.0;0.06922485
12.0;31.0;-0.11795313
12.0;30.0;-0.17787159
12.0;29.0;0.22853205
12.0;28.0;-0.10100838
12.0;27.0;0.4664003
12.0;26.0;0.26974464
12.0;25.0;0.4821176
12.0;24.0;-0.05206728
12.0;23.0;0.19675269
12.0;22.0;0.50816578
12.0;21.0;0.08323452
12.0;20.0;0.35017692
12.0;19.0;0.25305644
12.0;18.0;0.37343337
12.0;17.0;0.17369378
12.0;16.0;0.30800666
12.0;15.0;0.64673274
12.0;14.0;0.69100143
12.0;13.0;0.24477537
12.0;12.0;2.0433303
12.0;8.0;1e-08
13.0;99.0;0.57074969
13.0;98.0;0.54387203
13.0;97.0;0.01894901
13.0;96.0;-0.33072309
13.0;95.0;-0.38679982
13.0;94.0;0.24732182
13.0;93.0;0.24459955
13.0;92.0;-0.18084664
13.0;91.0;-0.21026236
13.0;90.0;0.21507563
13.0;89.0;0.39707452
13.0;88.0;0.20268793
13.0;87.0;0.12485992
13.0;86.0;-0.39627
13.0;85.0;0.64985918
13.0;84.0;-0.09646905
13.0;83.0;0.11725332
13.0;82.0;-0.03761546
13.0;81.0;0.08943851
13.0;80.0;-0.18630637
13.0;79.0;0.35155898
13.0;78.0;-0.35154515
13.0;77.0;0.29793043
13.0;76.0;-0.01311313
13.0;75.0;0.48458799
13.0;74.0;0.08009689
13.0;73.0;-0.01851758
13.0;72.0;-0.08463125
13.0;71.0;0.16650774
13.0;70.0;-0.30747576
13.0;69.0;0.55810204
13.0;68.0;-0.63217733
13.0;67.0;-0.10842352
13.0;66.0;0.12516193
13.0;65.0;-0.39534191
13.0;64.0;-0.778969
13.0;63.0;-0.34518575
13.0;62.0;-0.22168966
13.0;61.0;-0.0128856
13.0;60.0;0.49131413
13.0;59.0;0.26639612
13.0;58.0;0.15345944
13.0;57.0;-0.08416516
13.0;56.0;0.21874292
13.0;55.0;-0.06034987
13.0;54.0;0.0161693
13.0;53.0;0.26910251
13.0;52.0;-0.16019866
13.0;51.0;-0.16735063
13.0;50.0;0.1020315
13.0;49.0;0.25400214
13.0;48.0;-0.06537594
13.0;47.0;-0.5834937
13.0;46.0;0.51736364
13.0;45.0;-0.34419404
13.0;44.0;0.12935104
13.0;43.0;-0.28499688
13.0;42.0;0.37287616
13.0;41.0;0.01122342
13.0;40.0;0.41508623
13.0;39.0;-0.27237561
13.0;38.0;-0.00629105
13.0;37.0;-0.54795992
13.0;36.0;-0.41822783
13.0;35.0;0.04998789
13.0;34.0;-0.1193979
13.0;33.0;0.23209734
13.0;32.0;0.33919874
13.0;31.0;0.151499
13.0;30.0;0.49353414
13.0;29.0;0.01061924
13.0;28.0;-0.0096111
13.0;27.0;0.28122221
13.0;26.0;0.49232105
13.0;25.0;-0.05010886
13.0;24.0;-0.19088553
13.0;23.0;-0.01131335
13.0;22.0;0.50217901
13.0;21.0;0.39137942
13.0;20.0;-0.16659091
13.0;19.0;0.39628052
13.0;18.0;0.21043741
13.0;17.0;0.35490794
13.0;16.0;0.19440459
13.0;15.0;-0.04455609
13.0;14.0;0.58067445
13.0;13.0;1.82156903
13.0;4.0;-1e-08
13.0;1.0;1e-08
13.0;0.0;1e-08
14.0;99.0;-0.26443474
14.0;98.0;0.49645852
14.0;97.0;0.22658606
14.0;96.0;-0.44312771
14.0;95.0;-0.16987795
14.0;94.0;-0.06448114
14.0;93.0;-0.15733976
14.0;92.0;0.0545372
14.0;91.0;-0.12972348
14.0;90.0;-0.24468864
14.0;89.0;-0.48128183
14.0;88.0;0.42054481
14.0;87.0;-0.09028546
14.0;86.0;0.83499513
14.0;85.0;-0.33582092
14.0;84.0;-0.16955083
14.0;83.0;0.17818447
14.0;82.0;0.07301891
14.0;81.0;-0.21980265
14.0;80.0;0.21549381
14.0;79.0;0.49511078
14.0;78.0;0.66224871
14.0;77.0;0.09550603
14.0;76.0;-0.19182069
14.0;75.0;-0.11333818
14.0;74.0;0.13465364
14.0;73.0;0.46710414
14.0;72.0;0.02726797
14.0;71.0;0.28746621
14.0;70.0;0.1386573
14.0;69.0;0.46793454
14.0;68.0;0.23672006
14.0;67.0;0.37513748
14.0;66.0;-0.11500051
14.0;65.0;0.06366491
14.0;64.0;-0.18419542
14.0;63.0;0.02452143
14.0;62.0;0.22861411
14.0;61.0;-0.15147529
14.0;60.0;0.09337953
14.0;59.0;0.16347943
14.0;58.0;0.03347091
14.0;57.0;0.2196327
14.0;56.0;0.18764333
14.0;55.0;-0.1330135
14.0;54.0;-0.25701868
14.0;53.0;0.26436022
14.0;52.0;-0.24431453
14.0;51.0;0.3628713
14.0;50.0;-0.04024164
14.0;49.0;-0.28031539
14.0;48.0;-0.14241459
14.0;47.0;0.53537645
14.0;46.0;0.37752517
14.0;45.0;-0.06765495
14.0;44.0;0.01527217
14.0;43.0;0.02274849
14.0;42.0;0.03954552
14.0;41.0;-0.00727514
14.0;40.0;0.01713826
14.0;39.0;0.04972259
14.0;38.0;-0.10983227
14.0;37.0;0.11882079
14.0;36.0;0.30768938
14.0;35.0;-0.16299024
14.0;34.0;-0.05469064
14.0;33.0;0.38905377
14.0;32.0;0.12648293
14.0;31.0;0.23831154
14.0;30.0;0.11858975
14.0;29.0;-0.08325305
14.0;28.0;0.01531282
14.0;27.0;-0.02577876
14.0;26.0;0.65919838
14.0;25.0;0.11129364
14.0;24.0;0.07705485
14.0;23.0;0.39615025
14.0;22.0;0.24099858
14.0;21.0;0.45023221
14.0;20.0;-0.03355494
14.0;19.0;0.08236135
14.0;18.0;0.2593622
14.0;17.0;-0.43345019
14.0;16.0;-0.36405963
14.0;15.0;0.00455818
14.0;14.0;1.59697757
14.0;12.0;1e-08
14.0;11.0;-1e-08
14.0;4.0;-1e-08
14.0;2.0;-1e-08
15.0;99.0;-0.20031134
15.0;98.0;-0.30217789
15.0;97.0;0.23402947
15.0;96.0;0.01107164
15.0;95.0;0.15161521
15.0;94.0;-0.55130685
15.0;93.0;0.06524945
15.0;92.0;0.3116441
15.0;91.0;0.31262083
15.0;90.0;-0.02508512
15.0;89.0;-0.29689128
15.0;88.0;-0.23612458
15.0;87.0;0.1528524
15.0;86.0;-0.0651596
15.0;85.0;0.12487641
15.0;84.0;0.15213619
15.0;83.0;-0.01626328
15.0;82.0;-0.60543882
15.0;81.0;0.02738131
15.0;80.0;-0.05649582
15.0;79.0;0.10166533
15.0;78.0;0.01300327
15.0;77.0;0.25803902
15.0;76.0;0.16488779
15.0;75.0;0.16929688
15.0;74.0;0.02064525
15.0;73.0;-0.59380311
15.0;72.0;0.36887977
15.0;71.0;-0.16382973
15.0;70.0;-0.11407646
15.0;69.0;-0.3103577
15.0;68.0;0.13437341
15.0;67.0;0.10186982
15.0;66.0;0.04845718
15.0;65.0;0.06027052
15.0;64.0;0.19080834
15.0;63.0;-0.02165967
15.0;62.0;0.05500687
15.0;61.0;0.29769549
15.0;60.0;-0.06630332
15.0;59.0;-0.10381504
15.0;58.0;-0.1018947
15.0;57.0;-0.0490439
15.0;56.0;-0.17813796
15.0;55.0;0.29057348
15.0;54.0;0.38396728
15.0;53.0;-0.46200347
15.0;52.0;0.03732233
15.0;51.0;0.36270969
15.0;50.0;0.15837113
15.0;49.0;-0.23716726
15.0;48.0;-0.54855697
15.0;47.0;-0.28246442
15.0;46.0;-0.3383438
15.0;45.0;-0.63491128
15.0;44.0;0.56056866
15.0;43.0;0.00864209
15.0;42.0;0.04221567
15.0;41.0;-0.4381257
15.0;40.0;-0.04439277
15.0;39.0;-0.16505593
15.0;38.0;-0.71255582
15.0;37.0;0.17949438
15.0;36.0;-0.34689258
15.0;35.0;0.24895983
15.0;34.0;-0.03490688
15.0;33.0;-0.18515506
15.0;32.0;0.26170941
15.0;31.0;0.26423691
15.0;30.0;0.05213411
15.0;29.0;0.01134988
15.0;28.0;0.32376207
15.0;27.0;0.05271259
15.0;26.0;0.36849097
15.0;25.0;-0.24951552
15.0;24.0;0.16889203
15.0;23.0;0.18987366
15.0;22.0;-0.46400827
15.0;21.0;0.06500991
15.0;20.0;-0.12388051
15.0;19.0;0.21700496
15.0;18.0;-0.27552049
15.0;17.0;-0.17746494
15.0;16.0;-0.34637003
15.0;15.0;1.57503668
15.0;13.0;1e-08
15.0;11.0;1e-08
15.0;5.0;-1e-08
15.0;0.0;-1e-08
16.0;99.0;-0.08345174
16.0;98.0;-0.26796129
16.0;97.0;0.2501144
16.0;96.0;-0.22497467
16.0;95.0;-0.25521298
16.0;94.0;0.09439108
16.0;93.0;-0.1981918
16.0;92.0;-0.80477525
16.0;91.0;-0.1775586
16.0;90.0;-0.47332049
16.0;89.0;-0.4074616
16.0;88.0;-0.22004055
16.0;87.0;0.62082713
16.0;86.0;0.27477973
16.0;85.0;-0.03742508
16.0;84.0;-0.38549146
16.0;83.0;0.06972521
16.0;82.0;0.24324232
16.0;81.0;0.21854984
16.0;80.0;-0.348191
16.0;79.0;-0.42604405
16.0;78.0;-0.42869721
16.0;77.0;0.03424072
16.0;76.0;-0.12885255
16.0;75.0;0.2764415
16.0;74.0;0.48027832
16.0;73.0;-0.41462876
16.0;72.0;-0.36389467
16.0;71.0;0.04740448
16.0;70.0;0.5220525
16.0;69.0;-0.37417859
16.0;68.0;-0.03993633
16.0;67.0;-0.23823711
16.0;66.0;0.06765282
16.0;65.0;-0.53983342
16.0;64.0;-0.11091366
16.0;63.0;-0.04838607
16.0;62.0;-0.30758417
16.0;61.0;0.04606258
16.0;60.0;0.03248925
16.0;59.0;0.14798144
16.0;58.0;-0.33449008
16.0;57.0;0.17955215
16.0;56.0;0.2473465
16.0;55.0;0.55406136
16.0;54.0;0.074584
16.0;53.0;0.0867037
16.0;52.0;-0.05524808
16.0;51.0;-0.50931826
16.0;50.0;-0.11041724
16.0;49.0;-0.24476586
16.0;48.0;0.15857506
16.0;47.0;-0.10485788
16.0;46.0;-0.21097073
16.0;45.0;0.43579502
16.0;44.0;0.05230663
16.0;43.0;0.21029359
16.0;42.0;-1.04132953
16.0;41.0;0.26098253
16.0;40.0;0.13857781
16.0;39.0;0.37127689
16.0;38.0;-0.34748076
16.0;37.0;-0.20019902
16.0;36.0;-0.15748639
16.0;35.0;-0.00143041
16.0;34.0;0.15050509
16.0;33.0;-0.39226835
16.0;32.0;-0.3152906
16.0;31.0;0.13547655
16.0;30.0;0.3162312
16.0;29.0;0.00485022
16.0;28.0;0.53721767
16.0;27.0;-0.01060666
16.0;26.0;-0.25470763
16.0;25.0;0.07530819
16.0;24.0;-0.18915812
16.0;23.0;-0.20897483
16.0;22.0;-0.04262875
16.0;21.0;-0.06330259
16.0;20.0;0.17416228
16.0;19.0;-0.26013669
16.0;18.0;0.26537592
16.0;17.0;-0.54240297
16.0;16.0;1.8113629
16.0;12.0;1e-08
16.0;9.0;1e-08
16.0;8.0;-1e-08
16.0;7.0;-1e-08
16.0;3.0;-1e-08
16.0;1.0;-1e-08
16.0;0.0;-1e-08
17.0;99.0;0.26394786
17.0;98.0;0.15318702
17.0;97.0;0.32774498
17.0;96.0;0.17479982
17.0;95.0;0.47221085
17.0;94.0;0.33774266
17.0;93.0;-0.2958251
17.0;92.0;0.28314108
17.0;91.0;0.11108979
17.0;90.0;0.24486176
17.0;89.0;-0.13189663
17.0;88.0;-0.05828779
17.0;87.0;0.52371916
17.0;86.0;-0.13679584
17.0;85.0;0.15893682
17.0;84.0;0.13733809
17.0;83.0;0.11137866
17.0;82.0;0.0717509
17.0;81.0;0.14473629
17.0;80.0;0.48108986
17.0;79.0;0.38600202
17.0;78.0;0.40432997
17.0;77.0;0.04676717
17.0;76.0;0.32251924
17.0;75.0;-0.06633554
17.0;74.0;-0.39787013
17.0;73.0;-0.16763068
17.0;72.0;0.27815385
17.0;71.0;0.51902624
17.0;70.0;0.79573545
17.0;69.0;0.13532576
17.0;68.0;-0.01806166
17.0;67.0;0.52463308
17.0;66.0;0.49227978
17.0;65.0;-0.31175163
17.0;64.0;0.17604223
17.0;63.0;0.51309843
17.0;62.0;0.14994977
17.0;61.0;0.38101897
17.0;60.0;0.14493764
17.0;59.0;0.41340165
17.0;58.0;0.06639119
17.0;57.0;0.62881043
17.0;56.0;0.100971
17.0;55.0;-0.11574607
17.0;54.0;0.38616755
17.0;53.0;-0.19785138
17.0;52.0;0.35359341
17.0;51.0;-0.04051953
17.0;50.0;-0.1460503
17.0;49.0;-0.06304669
17.0;48.0;0.27728711
17.0;47.0;0.00106251
17.0;46.0;0.27760414
17.0;45.0;0.08566347
17.0;44.0;0.5101771
17.0;43.0;-0.14582917
17.0;42.0;0.36493884
17.0;41.0;-0.15013286
17.0;40.0;0.2798307
17.0;39.0;0.64415468
17.0;38.0;0.18972194
17.0;37.0;0.11201898
17.0;36.0;0.4000183
17.0;35.0;-0.04482599
17.0;34.0;0.00464843
17.0;33.0;-0.17982936
17.0;32.0;-0.04062988
17.0;31.0;0.22428549
17.0;30.0;0.21741457
17.0;29.0;0.14312763
17.0;28.0;0.02567343
17.0;27.0;0.09902673
17.0;26.0;0.34422237
17.0;25.0;0.6848806
17.0;24.0;0.1751985
17.0;23.0;0.48627819
17.0;22.0;-0.08067888
17.0;21.0;0.10420737
17.0;20.0;0.46541612
17.0;19.0;0.1483961
17.0;18.0;0.50452658
17.0;17.0;1.97884999
17.0;12.0;-1e-08
17.0;9.0;-1e-08
17.0;6.0;-1e-08
17.0;3.0;1e-08
17.0;0.0;1e-08
18.0;99.0;0.12714764
18.0;98.0;0.06772125
18.0;97.0;-0.26099789
18.0;96.0;-0.28517711
18.0;95.0;0.12729977
18.0;94.0;0.08422859
18.0;93.0;-0.06722511
18.0;92.0;0.24130231
18.0;91.0;0.39125849
18.0;90.0;-0.01801763
18.0;89.0;0.21219116
18.0;88.0;-0.30740552
18.0;87.0;0.31771416
18.0;86.0;-0.00505176
18.0;85.0;0.95391275
18.0;84.0;0.36814333
18.0;83.0;-0.00741794
18.0;82.0;-0.12001869
18.0;81.0;0.29115586
18.0;80.0;0.14480065
18.0;79.0;0.06941982
18.0;78.0;0.0315767
18.0;77.0;0.3772637
18.0;76.0;-0.01441882
18.0;75.0;0.19992975
18.0;74.0;0.28181066
18.0;73.0;0.09043416
18.0;72.0;-0.12177619
18.0;71.0;-0.11590104
18.0;70.0;0.21136886
18.0;69.0;0.31683106
18.0;68.0;0.08093101
18.0;67.0;-0.16661643
18.0;66.0;0.50402787
18.0;65.0;0.17762342
18.0;64.0;0.96976691
18.0;63.0;0.08749538
18.0;62.0;0.02176635
18.0;61.0;-0.03923103
18.0;60.0;0.54879274
18.0;59.0;-0.34421904
18.0;58.0;-0.00710838
18.0;57.0;0.05124207
18.0;56.0;-0.04653797
18.0;55.0;0.18543201
18.0;54.0;-0.36463099
18.0;53.0;0.43783159
18.0;52.0;0.13807216
18.0;51.0;-0.47926349
18.0;50.0;0.21715697
18.0;49.0;0.00553257
18.0;48.0;0.06345531
18.0;47.0;0.41572433
18.0;46.0;0.54218785
18.0;45.0;-0.01051129
18.0;44.0;-0.23764737
18.0;43.0;-0.0922046
18.0;42.0;-0.01799479
18.0;41.0;-0.41175795
18.0;40.0;0.23544681
18.0;39.0;-0.36809584
18.0;38.0;0.18373045
18.0;37.0;0.27887924
18.0;36.0;0.17681373
18.0;35.0;-0.06702731
18.0;34.0;-0.17361302
18.0;33.0;0.18290973
18.0;32.0;0.16229585
18.0;31.0;0.17721144
18.0;30.0;-0.12191206
18.0;29.0;0.2206428
18.0;28.0;0.24489067
18.0;27.0;0.36890529
18.0;26.0;-0.39121816
18.0;25.0;0.06914537
18.0;24.0;-0.10228591
18.0;23.0;0.04351262
18.0;22.0;-0.00617208
18.0;21.0;-0.03140409
18.0;20.0;0.18549589
18.0;19.0;-0.1620592
18.0;18.0;1.77338407
18.0;17.0;-1e-08
18.0;11.0;-1e-08
18.0;0.0;2e-08
19.0;99.0;-0.16828474
19.0;98.0;0.21044639
19.0;97.0;-0.10766224
19.0;96.0;-0.25299008
19.0;95.0;-0.00467946
19.0;94.0;-0.26121801
19.0;93.0;0.00972006
19.0;92.0;0.00050739
19.0;91.0;0.10122566
19.0;90.0;0.04758072
19.0;89.0;-0.07004422
19.0;88.0;0.16855192
19.0;87.0;0.31630382
19.0;86.0;-0.189266
19.0;85.0;0.8242039
19.0;84.0;-0.19588007
19.0;83.0;0.05699689
19.0;82.0;0.63313763
19.0;81.0;0.61652962
19.0;80.0;0.02332164
19.0;79.0;0.23862822
19.0;78.0;0.06062566
19.0;77.0;0.29848371
19.0;76.0;-0.0108187
19.0;75.0;-0.09398462
19.0;74.0;-0.15853861
19.0;73.0;0.27806528
19.0;72.0;0.60132778
19.0;71.0;0.26520974
19.0;70.0;-0.08678658
19.0;69.0;0.08873501
19.0;68.0;-0.05841527
19.0;67.0;0.08568628
19.0;66.0;0.25969089
19.0;65.0;0.02896311
19.0;64.0;0.03856224
19.0;63.0;-0.04191355
19.0;62.0;-0.00949823
19.0;61.0;0.39939574
19.0;60.0;0.10896507
19.0;59.0;0.16954942
19.0;58.0;0.39431122
19.0;57.0;-0.47466785
19.0;56.0;0.17451946
19.0;55.0;0.13777351
19.0;54.0;-0.00753893
19.0;53.0;0.16199993
19.0;52.0;-0.07756377
19.0;51.0;-0.03588628
19.0;50.0;0.10992487
19.0;49.0;0.04338825
19.0;48.0;0.15870669
19.0;47.0;-0.12768976
19.0;46.0;0.24958649
19.0;45.0;-0.18647365
19.0;44.0;0.4133372
19.0;43.0;-0.08143234
19.0;42.0;0.53416934
19.0;41.0;-0.50157522
19.0;40.0;-0.57925615
19.0;39.0;0.13792831
19.0;38.0;-0.00140419
19.0;37.0;0.67590806
19.0;36.0;0.37722298
19.0;35.0;-0.05372047
19.0;34.0;-0.21033887
19.0;33.0;0.09315541
19.0;32.0;0.59275611
19.0;31.0;0.05355942
19.0;30.0;0.19271495
19.0;29.0;-0.04475946
19.0;28.0;-0.11813417
19.0;27.0;0.0398054
19.0;26.0;0.24519768
19.0;25.0;-0.21389277
19.0;24.0;-0.2138483
19.0;23.0;0.5295439
19.0;22.0;-0.20774406
19.0;21.0;0.01411607
19.0;20.0;-0.22126799
19.0;19.0;1.62415996
19.0;13.0;1e-08
19.0;7.0;-1e-08
19.0;4.0;-1e-08
19.0;2.0;1e-08
19.0;1.0;1e-08
20.0;99.0;0.35512059
20.0;98.0;0.34057012
20.0;97.0;-0.2535303
20.0;96.0;0.3253739
20.0;95.0;0.41571676
20.0;94.0;-0.37951298
20.0;93.0;0.4903593
20.0;92.0;-0.12521123
20.0;91.0;-0.16394889
20.0;90.0;0.09826795
20.0;89.0;-0.29703594
20.0;88.0;-0.09869958
20.0;87.0;0.04460045
20.0;86.0;-0.19425706
20.0;85.0;0.24115775
20.0;84.0;-0.09530742
20.0;83.0;-0.00321948
20.0;82.0;-0.22912451
20.0;81.0;-0.07466104
20.0;80.0;0.02889048
20.0;79.0;-0.24566771
20.0;78.0;-0.2769708
20.0;77.0;0.08613262
20.0;76.0;-0.04127393
20.0;75.0;-1.08679032
20.0;74.0;-0.18947645
20.0;73.0;-0.08575735
20.0;72.0;0.32062808
20.0;71.0;-0.38938101
20.0;70.0;0.07580476
20.0;69.0;-0.20463156
20.0;68.0;-0.1772501
20.0;67.0;-0.73131877
20.0;66.0;0.20128208
20.0;65.0;-0.0176394
20.0;64.0;0.41380839
20.0;63.0;0.09118059
20.0;62.0;0.49192122
20.0;61.0;0.20351604
20.0;60.0;-0.08407278
20.0;59.0;0.34231611
20.0;58.0;-0.06711769
20.0;57.0;0.00287938
20.0;56.0;-0.33112422
20.0;55.0;0.04877978
20.0;54.0;0.09340316
20.0;53.0;-0.32800745
20.0;52.0;0.00319325
20.0;51.0;-0.31295318
20.0;50.0;-0.1037213
20.0;49.0;0.01104768
20.0;48.0;0.25241451
20.0;47.0;-0.0749572
20.0;46.0;0.20367094
20.0;45.0;0.03461188
20.0;44.0;-0.14686268
20.0;43.0;-0.18363999
20.0;42.0;-0.20133972
20.0;41.0;0.081239
20.0;40.0;0.13290934
20.0;39.0;0.48151871
20.0;38.0;0.37694643
20.0;37.0;0.35192125
20.0;36.0;0.45493711
20.0;35.0;0.28880888
20.0;34.0;-0.00087938
20.0;33.0;0.38578884
20.0;32.0;0.01611813
20.0;31.0;0.6840092
20.0;30.0;-0.26563733
20.0;29.0;-0.16046865
20.0;28.0;-0.71930757
20.0;27.0;0.14824287
20.0;26.0;0.5844356
20.0;25.0;-0.13539681
20.0;24.0;0.41677339
20.0;23.0;0.26582962
20.0;22.0;-0.22899391
20.0;21.0;-0.38865166
20.0;20.0;1.58561437
20.0;12.0;-1e-08
20.0;2.0;1e-08
20.0;0.0;-1e-08
21.0;99.0;-0.0298473
21.0;98.0;0.03777689
21.0;97.0;-0.31859952
21.0;96.0;0.1270905
21.0;95.0;-0.1899742
21.0;94.0;0.07788445
21.0;93.0;-0.37686456
21.0;92.0;-0.46728455
21.0;91.0;-0.18083609
21.0;90.0;-0.13112963
21.0;89.0;0.00680993
21.0;88.0;0.34484574
21.0;87.0;0.22640711
21.0;86.0;-0.36138008
21.0;85.0;0.00555573
21.0;84.0;-0.7542602
21.0;83.0;0.16117924
21.0;82.0;0.51464921
21.0;81.0;-0.20586209
21.0;80.0;0.17407227
21.0;79.0;0.05608662
21.0;78.0;0.05192184
21.0;77.0;0.0154844
21.0;76.0;-0.44668857
21.0;75.0;-0.11599835
21.0;74.0;0.66208789
21.0;73.0;-0.20678774
21.0;72.0;0.25957471
21.0;71.0;-0.14332236
21.0;70.0;0.20827522
21.0;69.0;-0.25303287
21.0;68.0;-0.67804252
21.0;67.0;0.22744585
21.0;66.0;-0.24299477
21.0;65.0;0.01668176
21.0;64.0;-0.29859248
21.0;63.0;0.26871811
21.0;62.0;0.03841422
21.0;61.0;0.15900427
21.0;60.0;0.12178439
21.0;59.0;-0.19244685
21.0;58.0;0.40360587
21.0;57.0;-0.07445605
21.0;56.0;-0.18178888
21.0;55.0;0.78974895
21.0;54.0;-0.46672421
21.0;53.0;-0.04693778
21.0;52.0;0.37565692
21.0;51.0;-0.356032
21.0;50.0;-0.11995459
21.0;49.0;0.20105775
21.0;48.0;0.25780367
21.0;47.0;0.41713247
21.0;46.0;0.39596567
21.0;45.0;-0.05355578
21.0;44.0;-0.16899668
21.0;43.0;-0.61532316
21.0;42.0;0.12112563
21.0;41.0;0.16394067
21.0;40.0;0.0870222
21.0;39.0;0.31183194
21.0;38.0;0.11682396
21.0;37.0;0.32139893
21.0;36.0;-0.17095097
21.0;35.0;-0.14472347
21.0;34.0;0.21882015
21.0;33.0;0.55126124
21.0;32.0;0.09122913
21.0;31.0;0.04599737
21.0;30.0;0.30173974
21.0;29.0;-0.07290534
21.0;28.0;-0.48193823
21.0;27.0;0.19779826
21.0;26.0;0.53704332
21.0;25.0;-0.20911384
21.0;24.0;0.48298306
21.0;23.0;0.27493171
21.0;22.0;-0.12876077
21.0;21.0;1.55657428
21.0;17.0;-1e-08
21.0;15.0;-1e-08
21.0;10.0;-1e-08
21.0;9.0;-1e-08
21.0;7.0;1e-08
21.0;6.0;1e-08
21.0;2.0;-1e-08
21.0;0.0;-1e-08
22.0;99.0;0.38541467
22.0;98.0;-0.51735
22.0;97.0;-0.24337502
22.0;96.0;-0.25077102
22.0;95.0;0.10328737
22.0;94.0;0.09759178
22.0;93.0;-0.16943934
22.0;92.0;-0.40781462
22.0;91.0;0.34076176
22.0;90.0;0.56371898
22.0;89.0;0.09744747
22.0;88.0;0.0150599
22.0;87.0;-0.11507844
22.0;86.0;-0.36898018
22.0;85.0;0.27281438
22.0;84.0;-0.10326949
22.0;83.0;0.42459782
22.0;82.0;0.0957862
22.0;81.0;0.0451223
22.0;80.0;-0.02377818
22.0;79.0;0.24159738
22.0;78.0;-0.21852804
22.0;77.0;-0.00836107
22.0;76.0;-0.02487506
22.0;75.0;0.36414685
22.0;74.0;-0.23682364
22.0;73.0;-0.06338458
22.0;72.0;-0.0400926
22.0;71.0;-0.0385008
22.0;70.0;0.43636815
22.0;69.0;-0.08492135
22.0;68.0;0.08748374
22.0;67.0;-0.42691423
22.0;66.0;0.67936616
22.0;65.0;-0.43442881
22.0;64.0;0.44525052
22.0;63.0;0.01344814
22.0;62.0;0.05442453
22.0;61.0;-0.03507558
22.0;60.0;-0.17731639
22.0;59.0;-0.09465674
22.0;58.0;0.25033908
22.0;57.0;-0.037439
22.0;56.0;0.00345875
22.0;55.0;-0.42055384
22.0;54.0;-0.08565659
22.0;53.0;0.17972413
22.0;52.0;0.66188139
22.0;51.0;-0.18402685
22.0;50.0;0.16148568
22.0;49.0;-0.04374498
22.0;48.0;-0.14430485
22.0;47.0;0.31353318
22.0;46.0;0.02364316
22.0;45.0;0.07273682
22.0;44.0;-0.10395216
22.0;43.0;-0.34231386
22.0;42.0;0.12039245
22.0;41.0;-0.04353648
22.0;40.0;0.09400865
22.0;39.0;-0.32612875
22.0;38.0;-0.10215035
22.0;37.0;0.12529657
22.0;36.0;-0.07855256
22.0;35.0;0.27800974
22.0;34.0;0.21220083
22.0;33.0;-0.09717122
22.0;32.0;-0.12783251
22.0;31.0;-0.0966032
22.0;30.0;-0.21246061
22.0;29.0;0.38126492
22.0;28.0;0.48851163
22.0;27.0;0.25138046
22.0;26.0;-0.09324222
22.0;25.0;-0.18778846
22.0;24.0;0.46670514
22.0;23.0;-0.0905527
22.0;22.0;1.4393743
22.0;9.0;-1e-08
22.0;8.0;-1e-08
22.0;0.0;-1e-08
23.0;99.0;-0.12411143
23.0;98.0;-0.17564403
23.0;97.0;0.15037251
23.0;96.0;0.06062723
23.0;95.0;0.40058213
23.0;94.0;0.2065888
23.0;93.0;0.18654958
23.0;92.0;-0.70162303
23.0;91.0;-0.34126961
23.0;90.0;0.23956085
23.0;89.0;0.34942066
23.0;88.0;0.23723263
23.0;87.0;-0.18663229
23.0;86.0;0.30986877
23.0;85.0;-0.44988338
23.0;84.0;0.02488794
23.0;83.0;0.20135358
23.0;82.0;0.04966639
23.0;81.0;-0.27002005
23.0;80.0;0.06929325
23.0;79.0;-0.00095229
23.0;78.0;0.20606775
23.0;77.0;0.47091232
23.0;76.0;0.10280694
23.0;75.0;-0.23722336
23.0;74.0;-0.67061543
23.0;73.0;-0.3031707
23.0;72.0;-0.28017563
23.0;71.0;-0.21572391
23.0;70.0;0.2221536
23.0;69.0;-0.27853644
23.0;68.0;0.00600098
23.0;67.0;-0.65174469
23.0;66.0;-0.09312951
23.0;65.0;-0.00446533
23.0;64.0;-0.31837508
23.0;63.0;-0.73510406
23.0;62.0;-0.0015182
23.0;61.0;-0.5898098
23.0;60.0;-0.10844793
23.0;59.0;-0.1950223
23.0;58.0;0.25139774
23.0;57.0;0.19131005
23.0;56.0;-0.22400904
23.0;55.0;0.0932206
23.0;54.0;-0.29354863
23.0;53.0;-0.36108748
23.0;52.0;0.3544035
23.0;51.0;-0.06007456
23.0;50.0;0.18801552
23.0;49.0;-0.33495483
23.0;48.0;-0.37814667
23.0;47.0;-0.13459782
23.0;46.0;0.16786165
23.0;45.0;-0.04744434
23.0;44.0;0.08209422
23.0;43.0;-0.12696228
23.0;42.0;0.11629562
23.0;41.0;-0.3215803
23.0;40.0;-0.05297397
23.0;39.0;-0.03557133
23.0;38.0;-0.16187519
23.0;37.0;-0.31786279
23.0;36.0;-0.03144364
23.0;35.0;0.06490525
23.0;34.0;0.02041459
23.0;33.0;0.08973407
23.0;32.0;-0.14914584
23.0;31.0;-0.19431736
23.0;30.0;-0.1103859
23.0;29.0;-0.28195739
23.0;28.0;0.11834161
23.0;27.0;0.17407381
23.0;26.0;0.20550555
23.0;25.0;0.14448172
23.0;24.0;0.07172142
23.0;23.0;1.36757219
23.0;3.0;1e-08
23.0;2.0;-1e-08
23.0;0.0;-1e-08
24.0;99.0;0.02408956
24.0;98.0;0.12614711
24.0;97.0;0.20117431
24.0;96.0;0.26460243
24.0;95.0;0.30197162
24.0;94.0;0.12659664
24.0;93.0;0.23235997
24.0;92.0;-0.00537615
24.0;91.0;-0.14292812
24.0;90.0;0.46456878
24.0;89.0;0.49192305
24.0;88.0;0.32069696
24.0;87.0;-0.11098583
24.0;86.0;0.17196327
24.0;85.0;0.39102373
24.0;84.0;0.58637955
24.0;83.0;0.29354847
24.0;82.0;0.25095035
24.0;81.0;-0.21828452
24.0;80.0;0.78120612
24.0;79.0;-0.3200139
24.0;78.0;0.13795491
24.0;77.0;0.17589837
24.0;76.0;-0.64578749
24.0;75.0;-0.03221259
24.0;74.0;-0.58730876
24.0;73.0;-0.09368382
24.0;72.0;-0.04564086
24.0;71.0;-0.50352545
24.0;70.0;0.1290261
24.0;69.0;0.51264274
24.0;68.0;0.51095756
24.0;67.0;-0.23786947
24.0;66.0;0.37653882
24.0;65.0;0.29021386
24.0;64.0;-0.22766541
24.0;63.0;-0.19201636
24.0;62.0;0.2102874
24.0;61.0;0.30144091
24.0;60.0;0.54217149
24.0;59.0;-0.11546904
24.0;58.0;0.19492466
24.0;57.0;-0.00990598
24.0;56.0;-0.01599613
24.0;55.0;-0.06557688
24.0;54.0;0.47138117
24.0;53.0;0.04118093
24.0;52.0;-0.09163903
24.0;51.0;-0.20738188
24.0;50.0;-0.22251383
24.0;49.0;0.72556122
24.0;48.0;0.01532523
24.0;47.0;0.13482528
24.0;46.0;0.11065285
24.0;45.0;-0.18530522
24.0;44.0;0.04928005
24.0;43.0;0.10243447
24.0;42.0;0.18799837
24.0;41.0;0.3905279
24.0;40.0;0.4512986
24.0;39.0;0.44406688
24.0;38.0;-0.31411097
24.0;37.0;0.64793705
24.0;36.0;-0.07283984
24.0;35.0;0.5345148
24.0;34.0;-0.07633785
24.0;33.0;0.31391426
24.0;32.0;-0.32617158
24.0;31.0;0.31943635
24.0;30.0;0.21923399
24.0;29.0;-0.08990139
24.0;28.0;0.1075857
24.0;27.0;0.66022306
24.0;26.0;0.01349482
24.0;25.0;0.23959238
24.0;24.0;1.32896369
24.0;4.0;-1e-08
24.0;2.0;1e-08
24.0;0.0;1e-08
25.0;99.0;-0.08720397
25.0;98.0;0.66457507
25.0;97.0;0.2391041
25.0;96.0;-0.39616575
25.0;95.0;0.00774247
25.0;94.0;0.22101088
25.0;93.0;0.18829179
25.0;92.0;0.21198741
25.0;91.0;-0.07558113
25.0;90.0;-0.04474343
25.0;89.0;-0.12752753
25.0;88.0;0.1441556
25.0;87.0;-0.35908792
25.0;86.0;0.41765027
25.0;85.0;0.24147909
25.0;84.0;0.36944217
25.0;83.0;0.0027987
25.0;82.0;0.71487387
25.0;81.0;0.28941022
25.0;80.0;-0.0477279
25.0;79.0;-0.05978263
25.0;78.0;0.33253748
25.0;77.0;0.09284515
25.0;76.0;0.0270459
25.0;75.0;0.10345214
25.0;74.0;0.04589709
25.0;73.0;0.20355789
25.0;72.0;-0.24693911
25.0;71.0;0.71901125
25.0;70.0;0.1086057
25.0;69.0;0.07733568
25.0;68.0;0.00972006
25.0;67.0;-0.059485
25.0;66.0;0.43475024
25.0;65.0;0.22612606
25.0;64.0;0.0653036
25.0;63.0;0.6956169
25.0;62.0;0.06190636
25.0;61.0;0.22476913
25.0;60.0;-0.66304681
25.0;59.0;0.46790305
25.0;58.0;0.20421977
25.0;57.0;-0.44759993
25.0;56.0;-0.14516634
25.0;55.0;0.44474
25.0;54.0;0.012202
25.0;53.0;0.36778034
25.0;52.0;0.47399932
25.0;51.0;0.3917952
25.0;50.0;0.54066229
25.0;49.0;-0.00680124
25.0;48.0;0.24532757
25.0;47.0;0.05645505
25.0;46.0;0.34237903
25.0;45.0;-0.06152626
25.0;44.0;-0.06200969
25.0;43.0;0.23188377
25.0;42.0;0.76849644
25.0;41.0;0.35488206
25.0;40.0;-0.49034025
25.0;39.0;0.21571331
25.0;38.0;-0.16722367
25.0;37.0;0.59680815
25.0;36.0;0.47235252
25.0;35.0;-0.16222135
25.0;34.0;0.5074512
25.0;33.0;0.36400578
25.0;32.0;0.38846288
25.0;31.0;0.60285675
25.0;30.0;0.16036218
25.0;29.0;0.63767383
25.0;28.0;0.35442182
25.0;27.0;0.81853059
25.0;26.0;0.17816069
25.0;25.0;1.39791171
25.0;14.0;1e-08
25.0;13.0;-1e-08
25.0;9.0;1e-08
25.0;4.0;-1e-08
25.0;3.0;-1e-08
26.0;99.0;-0.26133382
26.0;98.0;0.12163062
26.0;97.0;-0.05688612
26.0;96.0;-0.33853669
26.0;95.0;-0.09996788
26.0;94.0;-0.46901385
26.0;93.0;-0.18100222
26.0;92.0;0.28476961
26.0;91.0;-0.62806259
26.0;90.0;-0.17774325
26.0;89.0;-0.20269349
26.0;88.0;0.15234311
26.0;87.0;0.16563629
26.0;86.0;-0.02306843
26.0;85.0;-0.2073743
26.0;84.0;-0.21103888
26.0;83.0;-0.13817981
26.0;82.0;-0.08977088
26.0;81.0;-0.45038316
26.0;80.0;-0.09310924
26.0;79.0;-0.2146546
26.0;78.0;-0.05758422
26.0;77.0;-0.03364815
26.0;76.0;-0.08983253
26.0;75.0;0.06397887
26.0;74.0;0.59751508
26.0;73.0;-0.2945499
26.0;72.0;-0.2900127
26.0;71.0;0.15479766
26.0;70.0;-0.63761028
26.0;69.0;-0.34256254
26.0;68.0;0.02417068
26.0;67.0;-0.13105154
26.0;66.0;-0.20836986
26.0;65.0;-0.14397157
26.0;64.0;-0.33831039
26.0;63.0;-0.51210674
26.0;62.0;0.20759547
26.0;61.0;0.35395245
26.0;60.0;-0.19272534
26.0;59.0;-0.10196167
26.0;58.0;0.1210727
26.0;57.0;0.12026253
26.0;56.0;-0.15370775
26.0;55.0;0.13998178
26.0;54.0;0.2987112
26.0;53.0;-0.65484234
26.0;52.0;-0.07434958
26.0;51.0;-0.27749033
26.0;50.0;-0.49889127
26.0;49.0;-0.29282581
26.0;48.0;0.3325951
26.0;47.0;0.11637802
26.0;46.0;-0.0193237
26.0;45.0;-0.06641802
26.0;44.0;-0.43229835
26.0;43.0;-0.09862606
26.0;42.0;-0.22745095
26.0;41.0;-0.25573262
26.0;40.0;0.13366592
26.0;39.0;-0.43946722
26.0;38.0;0.09514428
26.0;37.0;-0.32998409
26.0;36.0;0.52327471
26.0;35.0;-0.02753075
26.0;34.0;-0.54258157
26.0;33.0;0.02060095
26.0;32.0;0.73355936
26.0;31.0;-0.64495892
26.0;30.0;-0.11265686
26.0;29.0;0.36466622
26.0;28.0;-0.23828
26.0;27.0;0.2561921
26.0;26.0;1.32178881
26.0;21.0;1e-08
26.0;19.0;1e-08
26.0;18.0;-1e-08
26.0;7.0;-1e-08
26.0;1.0;-1e-08
27.0;99.0;0.30985291
27.0;98.0;0.31236484
27.0;97.0;-0.33724693
27.0;96.0;0.01503549
27.0;95.0;0.26561533
27.0;94.0;0.41146319
27.0;93.0;0.24570375
27.0;92.0;0.26363725
27.0;91.0;-0.52712486
27.0;90.0;-0.00814183
27.0;89.0;0.46011037
27.0;88.0;0.06811061
27.0;87.0;-0.29184342
27.0;86.0;-0.25823612
27.0;85.0;-0.11792023
27.0;84.0;-0.11384731
27.0;83.0;-0.32563946
27.0;82.0;0.30257938
27.0;81.0;0.17645379
27.0;80.0;0.34420975
27.0;79.0;0.44477626
27.0;78.0;0.14962054
27.0;77.0;-0.41368256
27.0;76.0;-0.25873585
27.0;75.0;0.19786743
27.0;74.0;0.37104627
27.0;73.0;0.45148788
27.0;72.0;0.19547333
27.0;71.0;0.22936305
27.0;70.0;0.16225183
27.0;69.0;-0.0426189
27.0;68.0;-0.11051813
27.0;67.0;-0.17186459
27.0;66.0;0.34797731
27.0;65.0;0.41868298
27.0;64.0;-0.22732299
27.0;63.0;0.12483812
27.0;62.0;0.65806887
27.0;61.0;-0.26655428
27.0;60.0;-0.17840596
27.0;59.0;0.29729531
27.0;58.0;0.38195086
27.0;57.0;0.06941513
27.0;56.0;0.17398938
27.0;55.0;0.07171725
27.0;54.0;-0.18408102
27.0;53.0;-0.18292997
27.0;52.0;-0.29044442
27.0;51.0;0.3575877
27.0;50.0;-0.2445875
27.0;49.0;0.14828667
27.0;48.0;-0.19233295
27.0;47.0;0.31058833
27.0;46.0;0.29596514
27.0;45.0;0.03389588
27.0;44.0;0.15158711
27.0;43.0;-0.27087112
27.0;42.0;-0.64784855
27.0;41.0;-0.12501733
27.0;40.0;0.24644
27.0;39.0;0.0761348
27.0;38.0;-0.11273556
27.0;37.0;0.16457524
27.0;36.0;0.05558014
27.0;35.0;-0.45659944
27.0;34.0;0.42898435
27.0;33.0;-0.01042406
27.0;32.0;-0.14563344
27.0;31.0;-0.26628296
27.0;30.0;0.09175039
27.0;29.0;-0.22299091
27.0;28.0;0.62998161
27.0;27.0;1.53123434
27.0;21.0;1e-08
27.0;7.0;-1e-08
27.0;1.0;-1e-08
28.0;99.0;0.05146518
28.0;98.0;-0.44355844
28.0;97.0;0.30623785
28.0;96.0;-0.29762096
28.0;95.0;0.41445126
28.0;94.0;0.10956919
28.0;93.0;0.52382171
28.0;92.0;0.15767799
28.0;91.0;0.05322486
28.0;90.0;0.33299369
28.0;89.0;0.35101942
28.0;88.0;0.25359526
28.0;87.0;0.32810878
28.0;86.0;0.46680627
28.0;85.0;0.38988173
28.0;84.0;-0.14884776
28.0;83.0;-0.17869496
28.0;82.0;-0.07867625
28.0;81.0;0.14066535
28.0;80.0;-0.11502021
28.0;79.0;-0.54298316
28.0;78.0;0.07472414
28.0;77.0;-0.11532158
28.0;76.0;0.45028
28.0;75.0;-0.17283427
28.0;74.0;0.40654075
28.0;73.0;0.30843454
28.0;72.0;-0.06642247
28.0;71.0;0.26613715
28.0;70.0;0.4226808
28.0;69.0;-0.30786741
28.0;68.0;0.0142193
28.0;67.0;-0.14129379
28.0;66.0;0.5018454
28.0;65.0;-0.34659307
28.0;64.0;-0.25287621
28.0;63.0;0.0172098
28.0;62.0;0.21442058
28.0;61.0;-0.09708347
28.0;60.0;-0.42372456
28.0;59.0;-0.09764008
28.0;58.0;-0.28241541
28.0;57.0;-0.00924352
28.0;56.0;0.22892154
28.0;55.0;-0.02367269
28.0;54.0;0.0889947
28.0;53.0;0.15401387
28.0;52.0;0.339303
28.0;51.0;0.06254368
28.0;50.0;0.06731294
28.0;49.0;0.3286863
28.0;48.0;-0.30924886
28.0;47.0;0.11064498
28.0;46.0;0.11023157
28.0;45.0;0.33132546
28.0;44.0;-0.37108107
28.0;43.0;0.23723715
28.0;42.0;0.23708875
28.0;41.0;0.30315813
28.0;40.0;0.3987682
28.0;39.0;0.30825553
28.0;38.0;-0.45002485
28.0;37.0;-0.1406322
28.0;36.0;-0.17289144
28.0;35.0;0.17231103
28.0;34.0;-0.13912482
28.0;33.0;-0.14125205
28.0;32.0;-0.1684187
28.0;31.0;0.28649645
28.0;30.0;0.17228914
28.0;29.0;-0.26420235
28.0;28.0;1.59460839
28.0;27.0;-1e-08
28.0;20.0;1e-08
28.0;10.0;1e-08
28.0;6.0;1e-08
28.0;3.0;-1e-08
28.0;0.0;-1e-08
29.0;99.0;0.19090694
29.0;98.0;0.1600328
29.0;97.0;0.12813488
29.0;96.0;0.04144609
29.0;95.0;-0.14772436
29.0;94.0;-0.3313205
29.0;93.0;-0.36739637
29.0;92.0;0.23311187
29.0;91.0;0.00547036
29.0;90.0;-0.39709577
29.0;89.0;-0.2241111
29.0;88.0;1.02933584
29.0;87.0;-0.12032203
29.0;86.0;0.02128805
29.0;85.0;0.11328151
29.0;84.0;-0.07442059
29.0;83.0;-0.10388868
29.0;82.0;0.06613515
29.0;81.0;0.21731119
29.0;80.0;0.05413615
29.0;79.0;-0.06629418
29.0;78.0;0.63649063
29.0;77.0;0.04708145
29.0;76.0;-0.64503587
29.0;75.0;-0.31609963
29.0;74.0;-0.10506175
29.0;73.0;0.12358051
29.0;72.0;-0.05221017
29.0;71.0;0.15999587
29.0;70.0;-0.08236311
29.0;69.0;-0.00116941
29.0;68.0;0.13504988
29.0;67.0;0.29052616
29.0;66.0;-0.14696091
29.0;65.0;0.14335446
29.0;64.0;0.08561399
29.0;63.0;-0.07312534
29.0;62.0;-0.09257811
29.0;61.0;-0.27967215
29.0;60.0;0.44441263
29.0;59.0;0.0280785
29.0;58.0;0.32853461
29.0;57.0;0.02922122
29.0;56.0;0.01409674
29.0;55.0;0.35567304
29.0;54.0;-0.3979829
29.0;53.0;0.17039232
29.0;52.0;0.08995157
29.0;51.0;0.52348097
29.0;50.0;0.27815036
29.0;49.0;-0.01051873
29.0;48.0;-0.19631964
29.0;47.0;-0.29144781
29.0;46.0;-0.19542238
29.0;45.0;-0.13704753
29.0;44.0;0.15874699
29.0;43.0;0.15136384
29.0;42.0;-0.11721021
29.0;41.0;-0.2771765
29.0;40.0;0.00363747
29.0;39.0;-0.40007217
29.0;38.0;0.46396942
29.0;37.0;-0.12845166
29.0;36.0;0.27791851
29.0;35.0;-0.59604272
29.0;34.0;-0.18320053
29.0;33.0;-0.32829276
29.0;32.0;-0.38858089
29.0;31.0;0.32367618
29.0;30.0;0.3710087
29.0;29.0;1.37300634
29.0;20.0;1e-08
29.0;19.0;1e-08
29.0;18.0;-1e-08
29.0;17.0;1e-08
29.0;12.0;-1e-08
29.0;9.0;-1e-08
29.0;8.0;1e-08
29.0;7.0;-1e-08
29.0;4.0;-1e-08
30.0;99.0;-0.34675644
30.0;98.0;-0.13935917
30.0;97.0;-0.03992273
30.0;96.0;0.26767749
30.0;95.0;-0.22202781
30.0;94.0;0.61202203
30.0;93.0;0.21613388
30.0;92.0;0.02280125
30.0;91.0;0.27955499
30.0;90.0;-0.30174882
30.0;89.0;0.13032332
30.0;88.0;0.46851022
30.0;87.0;-0.40130785
30.0;86.0;0.22035674
30.0;85.0;0.01847194
30.0;84.0;0.23586762
30.0;83.0;0.49246087
30.0;82.0;0.10505019
30.0;81.0;-0.18128503
30.0;80.0;-0.05952249
30.0;79.0;-0.4288572
30.0;78.0;0.02184625
30.0;77.0;0.31595839
30.0;76.0;-0.16265702
30.0;75.0;-0.07282171
30.0;74.0;-0.16943649
30.0;73.0;0.36646665
30.0;72.0;-0.04275692
30.0;71.0;-0.09150448
30.0;70.0;0.39814963
30.0;69.0;0.18640366
30.0;68.0;-0.06325622
30.0;67.0;0.53131798
30.0;66.0;-0.01623445
30.0;65.0;-0.65651701
30.0;64.0;0.00587227
30.0;63.0;0.18271502
30.0;62.0;0.3490801
30.0;61.0;-0.01370449
30.0;60.0;0.27383148
30.0;59.0;0.08977142
30.0;58.0;-0.04662892
30.0;57.0;0.55600437
30.0;56.0;0.1943983
30.0;55.0;0.1215759
30.0;54.0;-0.30261674
30.0;53.0;0.00087975
30.0;52.0;-0.0399788
30.0;51.0;0.23787711
30.0;50.0;-0.24686145
30.0;49.0;0.38633941
30.0;48.0;-0.10747972
30.0;47.0;-0.16063152
30.0;46.0;0.16665524
30.0;45.0;0.15512582
30.0;44.0;0.02280415
30.0;43.0;0.28486377
30.0;42.0;0.0331325
30.0;41.0;-0.34867825
30.0;40.0;0.1031602
30.0;39.0;-0.59267027
30.0;38.0;0.24034602
30.0;37.0;-0.16451528
30.0;36.0;-0.0394441
30.0;35.0;0.02602425
30.0;34.0;-0.07514706
30.0;33.0;-0.38356347
30.0;32.0;0.15784439
30.0;31.0;0.28022214
30.0;30.0;1.50816996
30.0;26.0;1e-08
30.0;25.0;-1e-08
30.0;7.0;-1e-08
30.0;0.0;1e-08
31.0;99.0;0.37330852
31.0;98.0;0.29138296
31.0;97.0;0.01953572
31.0;96.0;-0.16821742
31.0;95.0;-0.30449629
31.0;94.0;-0.03083589
31.0;93.0;-0.09500817
31.0;92.0;-0.11618189
31.0;91.0;0.49898861
31.0;90.0;-0.12800216
31.0;89.0;-0.4071241
31.0;88.0;0.28227458
31.0;87.0;-0.11704222
31.0;86.0;0.26834315
31.0;85.0;-0.1701936
31.0;84.0;-0.22199839
31.0;83.0;0.13371935
31.0;82.0;0.23574211
31.0;81.0;0.06409155
31.0;80.0;-0.59130997
31.0;79.0;-0.16037608
31.0;78.0;-0.23137493
31.0;77.0;0.37789583
31.0;76.0;-0.42658933
31.0;75.0;0.23954662
31.0;74.0;-0.28019193
31.0;73.0;0.04661634
31.0;72.0;0.15825036
31.0;71.0;-0.27250725
31.0;70.0;-0.11108123
31.0;69.0;-0.67191762
31.0;68.0;-0.10800749
31.0;67.0;-0.42229731
31.0;66.0;-0.16386913
31.0;65.0;0.55133892
31.0;64.0;-0.56541271
31.0;63.0;-0.39248599
31.0;62.0;-0.06610098
31.0;61.0;-0.28282091
31.0;60.0;0.05703443
31.0;59.0;0.14129264
31.0;58.0;0.15185699
31.0;57.0;-0.31565468
31.0;56.0;0.2759411
31.0;55.0;0.55186677
31.0;54.0;-0.8150043
31.0;53.0;0.0251506
31.0;52.0;0.72961799
31.0;51.0;0.25561796
31.0;50.0;0.15850285
31.0;49.0;-0.12071209
31.0;48.0;-0.09759642
31.0;47.0;-0.19505017
31.0;46.0;0.40376411
31.0;45.0;0.37055196
31.0;44.0;-0.13961164
31.0;43.0;-0.00771873
31.0;42.0;-0.25335247
31.0;41.0;0.24409882
31.0;40.0;-0.20166097
31.0;39.0;-0.18869306
31.0;38.0;-0.52060005
31.0;37.0;-0.05767322
31.0;36.0;-0.16135513
31.0;35.0;0.04315784
31.0;34.0;0.01492727
31.0;33.0;-0.54683211
31.0;32.0;-0.0690201
31.0;31.0;1.3498236
31.0;28.0;1e-08
31.0;21.0;-1e-08
31.0;20.0;1e-08
31.0;17.0;-1e-08
31.0;13.0;1e-08
31.0;3.0;-1e-08
31.0;2.0;-1e-08
31.0;1.0;-1e-08
31.0;0.0;1e-08
32.0;99.0;0.69353402
32.0;98.0;0.18504936
32.0;97.0;-0.06533619
32.0;96.0;-0.16217779
32.0;95.0;-0.21044031
32.0;94.0;-0.21884343
32.0;93.0;0.72300232
32.0;92.0;-0.1010303
32.0;91.0;0.01823223
32.0;90.0;0.19028896
32.0;89.0;0.14954857
32.0;88.0;0.12251896
32.0;87.0;0.50806933
32.0;86.0;0.66076995
32.0;85.0;0.64028503
32.0;84.0;0.17132347
32.0;83.0;-0.1483211
32.0;82.0;0.68960069
32.0;81.0;0.07970942
32.0;80.0;0.30522337
32.0;79.0;0.02852069
32.0;78.0;0.42355505
32.0;77.0;-0.08088297
32.0;76.0;0.26915468
32.0;75.0;0.11976119
32.0;74.0;0.43517148
32.0;73.0;0.26866839
32.0;72.0;0.22561672
32.0;71.0;0.07946517
32.0;70.0;-0.4809264
32.0;69.0;-0.53757257
32.0;68.0;0.32591075
32.0;67.0;0.21889631
32.0;66.0;-0.14538296
32.0;65.0;0.34421568
32.0;64.0;0.16720338
32.0;63.0;0.28470921
32.0;62.0;0.08672221
32.0;61.0;0.2217957
32.0;60.0;0.15273394
32.0;59.0;-0.20766799
32.0;58.0;-0.37661497
32.0;57.0;-0.17792879
32.0;56.0;-0.35710214
32.0;55.0;0.2199923
32.0;54.0;0.20425643
32.0;53.0;0.36945833
32.0;52.0;0.06583713
32.0;51.0;-0.28600233
32.0;50.0;-0.76791941
32.0;49.0;0.18276311
32.0;48.0;0.54000402
32.0;47.0;-0.46543006
32.0;46.0;0.37937244
32.0;45.0;-0.20811972
32.0;44.0;0.02120065
32.0;43.0;0.04567741
32.0;42.0;-0.1353354
32.0;41.0;0.30804884
32.0;40.0;0.38005826
32.0;39.0;0.26082533
32.0;38.0;0.20674552
32.0;37.0;-0.14532715
32.0;36.0;-0.19601895
32.0;35.0;0.10565776
32.0;34.0;0.74127229
32.0;33.0;-0.4807401
32.0;32.0;1.19864983
32.0;12.0;-1e-08
32.0;7.0;1e-08
32.0;5.0;1e-08
32.0;3.0;-1e-08
32.0;2.0;-1e-08
32.0;1.0;-1e-08
32.0;0.0;-1e-08
33.0;99.0;0.4712768
33.0;98.0;-0.05724898
33.0;97.0;-0.02172086
33.0;96.0;-0.26972961
33.0;95.0;0.82616676
33.0;94.0;-0.25190311
33.0;93.0;-0.05506425
33.0;92.0;-0.24947499
33.0;91.0;-0.23105512
33.0;90.0;-0.26710363
33.0;89.0;-0.22275663
33.0;88.0;0.1318954
33.0;87.0;0.04192511
33.0;86.0;0.25283189
33.0;85.0;-0.287889
33.0;84.0;-0.08700845
33.0;83.0;-0.27519964
33.0;82.0;0.10483071
33.0;81.0;0.51748095
33.0;80.0;-0.12976927
33.0;79.0;0.16607715
33.0;78.0;-0.09803321
33.0;77.0;-0.02066081
33.0;76.0;0.04932429
33.0;75.0;-0.59424353
33.0;74.0;0.19606534
33.0;73.0;0.14345191
33.0;72.0;-0.00346875
33.0;71.0;-0.53703228
33.0;70.0;-0.00923371
33.0;69.0;-0.03285871
33.0;68.0;-0.01733524
33.0;67.0;-0.02007129
33.0;66.0;0.10199982
33.0;65.0;0.14453416
33.0;64.0;-0.2653733
33.0;63.0;-0.29081043
33.0;62.0;0.23676292
33.0;61.0;0.73732783
33.0;60.0;-0.16503366
33.0;59.0;-0.0168462
33.0;58.0;0.15577898
33.0;57.0;0.12926844
33.0;56.0;-0.16551582
33.0;55.0;-0.0550205
33.0;54.0;0.15774149
33.0;53.0;-0.19072602
33.0;52.0;0.2511352
33.0;51.0;0.24792962
33.0;50.0;0.16973701
33.0;49.0;-0.38284317
33.0;48.0;-0.18323767
33.0;47.0;-0.1878206
33.0;46.0;0.07690048
33.0;45.0;-0.16899069
33.0;44.0;-0.60126764
33.0;43.0;0.23787381
33.0;42.0;-0.16339293
33.0;41.0;0.30298658
33.0;40.0;0.24023628
33.0;39.0;0.00616894
33.0;38.0;0.03001929
33.0;37.0;-0.15508235
33.0;36.0;0.09051424
33.0;35.0;-0.49107386
33.0;34.0;0.42966899
33.0;33.0;1.02602575
33.0;16.0;-1e-08
33.0;11.0;-1e-08
33.0;8.0;1e-08
33.0;6.0;1e-08
33.0;3.0;-1e-08
33.0;0.0;-1e-08
34.0;99.0;0.68399011
34.0;98.0;0.49155127
34.0;97.0;0.20760809
34.0;96.0;0.26107541
34.0;95.0;0.17833599
34.0;94.0;0.26265447
34.0;93.0;0.57097107
34.0;92.0;0.0391591
34.0;91.0;-0.12462346
34.0;90.0;-0.53350749
34.0;89.0;0.12404644
34.0;88.0;-0.08664925
34.0;87.0;0.10302149
34.0;86.0;0.12186068
34.0;85.0;-0.1950164
34.0;84.0;-0.19022642
34.0;83.0;0.11013312
34.0;82.0;-0.33459911
34.0;81.0;-0.15140853
34.0;80.0;-0.00258549
34.0;79.0;0.06903402
34.0;78.0;0.56907613
34.0;77.0;0.1141329
34.0;76.0;0.14132843
34.0;75.0;0.06072655
34.0;74.0;-0.07797428
34.0;73.0;-0.59594422
34.0;72.0;-0.37638856
34.0;71.0;0.27470476
34.0;70.0;0.23459708
34.0;69.0;0.17929673
34.0;68.0;0.04809592
34.0;67.0;-0.54667039
34.0;66.0;0.32188138
34.0;65.0;-0.29960747
34.0;64.0;-0.44621933
34.0;63.0;0.16245904
34.0;62.0;0.39604989
34.0;61.0;-0.38133671
34.0;60.0;-0.13804899
34.0;59.0;-0.1721791
34.0;58.0;0.23981228
34.0;57.0;0.20382399
34.0;56.0;-0.19005711
34.0;55.0;-0.02691664
34.0;54.0;-0.32141663
34.0;53.0;-0.17984204
34.0;52.0;0.3172302
34.0;51.0;0.1439712
34.0;50.0;-0.13433428
34.0;49.0;-0.17741781
34.0;48.0;0.26860719
34.0;47.0;-0.14564731
34.0;46.0;0.43620082
34.0;45.0;-0.39078003
34.0;44.0;0.11358848
34.0;43.0;0.47777601
34.0;42.0;0.29977486
34.0;41.0;-0.11645766
34.0;40.0;-0.23553099
34.0;39.0;0.31392777
34.0;38.0;0.08275862
34.0;37.0;-0.58024708
34.0;36.0;-0.04900688
34.0;35.0;-0.10313409
34.0;34.0;0.8931664
34.0;27.0;1e-08
34.0;23.0;-1e-08
34.0;12.0;1e-08
34.0;9.0;1e-08
34.0;3.0;-1e-08
34.0;0.0;2e-08
35.0;99.0;0.12760953
35.0;98.0;-0.12974584
35.0;97.0;-0.13301439
35.0;96.0;0.03267379
35.0;95.0;-0.59771943
35.0;94.0;0.00124252
35.0;93.0;-0.09184949
35.0;92.0;0.03058798
35.0;91.0;-0.13244511
35.0;90.0;0.31405624
35.0;89.0;-0.30549765
35.0;88.0;0.25637337
35.0;87.0;-0.02936311
35.0;86.0;-0.37288189
35.0;85.0;-0.03811004
35.0;84.0;0.33032703
35.0;83.0;-0.18882224
35.0;82.0;-0.30195813
35.0;81.0;0.14756548
35.0;80.0;-0.53679065
35.0;79.0;-0.49162365
35.0;78.0;0.3769106
35.0;77.0;0.00435129
35.0;76.0;-0.16966488
35.0;75.0;-0.1769677
35.0;74.0;0.21379714
35.0;73.0;-0.27268629
35.0;72.0;0.15886763
35.0;71.0;0.24201951
35.0;70.0;-0.84484415
35.0;69.0;0.04244853
35.0;68.0;0.12859261
35.0;67.0;-0.06620885
35.0;66.0;0.08860529
35.0;65.0;0.48686698
35.0;64.0;0.39777442
35.0;63.0;-0.18340875
35.0;62.0;-0.51953815
35.0;61.0;-0.50937825
35.0;60.0;0.01314198
35.0;59.0;-0.56129446
35.0;58.0;-0.33406522
35.0;57.0;0.33714168
35.0;56.0;-0.21513517
35.0;55.0;0.41132547
35.0;54.0;-0.09527703
35.0;53.0;0.60724629
35.0;52.0;0.25772439
35.0;51.0;-0.06286764
35.0;50.0;0.19731889
35.0;49.0;0.20866392
35.0;48.0;-0.33690053
35.0;47.0;0.07700138
35.0;46.0;0.28631719
35.0;45.0;-0.24882434
35.0;44.0;0.59185442
35.0;43.0;0.35367514
35.0;42.0;-0.26324242
35.0;41.0;0.17665246
35.0;40.0;0.26639039
35.0;39.0;-0.13239349
35.0;38.0;0.03665356
35.0;37.0;0.13214403
35.0;36.0;-0.69455853
35.0;35.0;1.13318305
35.0;18.0;1e-08
35.0;16.0;-1e-08
35.0;13.0;-1e-08
35.0;12.0;1e-08
35.0;8.0;-1e-08
35.0;5.0;-1e-08
35.0;3.0;1e-08
35.0;1.0;-1e-08
35.0;0.0;-1e-08
36.0;99.0;-0.19470599
36.0;98.0;0.43259546
36.0;97.0;-0.09412533
36.0;96.0;0.16495121
36.0;95.0;0.0943789
36.0;94.0;-0.31028006
36.0;93.0;0.53899634
36.0;92.0;0.0028019
36.0;91.0;-0.11342475
36.0;90.0;0.26637735
36.0;89.0;0.07884726
36.0;88.0;-0.08065534
36.0;87.0;0.27324547
36.0;86.0;-0.280086
36.0;85.0;-0.04236264
36.0;84.0;0.30702747
36.0;83.0;0.31919876
36.0;82.0;0.24509116
36.0;81.0;0.20433479
36.0;80.0;0.11045222
36.0;79.0;-0.21646173
36.0;78.0;0.22343916
36.0;77.0;0.40748345
36.0;76.0;0.04451021
36.0;75.0;-0.25853365
36.0;74.0;-0.19500821
36.0;73.0;-0.03335123
36.0;72.0;-0.24760725
36.0;71.0;0.28235751
36.0;70.0;0.28140181
36.0;69.0;0.32767225
36.0;68.0;0.19201814
36.0;67.0;0.20135472
36.0;66.0;-0.4981316
36.0;65.0;0.04243523
36.0;64.0;0.38329215
36.0;63.0;0.31961675
36.0;62.0;-0.21821145
36.0;61.0;0.13923079
36.0;60.0;0.46649555
36.0;59.0;-0.15910971
36.0;58.0;-0.1459226
36.0;57.0;0.10012078
36.0;56.0;-0.14074226
36.0;55.0;0.20806941
36.0;54.0;-0.35950829
36.0;53.0;-0.12225575
36.0;52.0;-0.46294738
36.0;51.0;0.57510668
36.0;50.0;-0.0730525
36.0;49.0;0.5525366
36.0;48.0;0.14311499
36.0;47.0;0.19173474
36.0;46.0;-0.37533169
36.0;45.0;-0.03085819
36.0;44.0;0.17851107
36.0;43.0;0.23712577
36.0;42.0;-0.15732992
36.0;41.0;0.29099364
36.0;40.0;0.25632363
36.0;39.0;-0.15202735
36.0;38.0;-0.03907529
36.0;37.0;0.06493447
36.0;36.0;1.21558172
36.0;31.0;-1e-08
36.0;27.0;-1e-08
36.0;18.0;1e-08
36.0;12.0;-1e-08
36.0;10.0;1e-08
36.0;0.0;-1e-08
37.0;99.0;-0.37423139
37.0;98.0;0.33409987
37.0;97.0;0.09232028
37.0;96.0;0.06101843
37.0;95.0;0.2155283
37.0;94.0;-0.11374424
37.0;93.0;0.13601675
37.0;92.0;-0.12949531
37.0;91.0;-0.36246609
37.0;90.0;-0.0222299
37.0;89.0;-0.01530093
37.0;88.0;0.55316679
37.0;87.0;-0.58731178
37.0;86.0;0.42002238
37.0;85.0;-0.109338
37.0;84.0;-0.31592592
37.0;83.0;0.03678444
37.0;82.0;-0.29130244
37.0;81.0;-0.43274693
37.0;80.0;-0.63718434
37.0;79.0;-0.12316706
37.0;78.0;0.79767067
37.0;77.0;0.31855472
37.0;76.0;0.15359216
37.0;75.0;-0.10273783
37.0;74.0;-0.25681451
37.0;73.0;-0.04490819
37.0;72.0;-0.18799968
37.0;71.0;0.13627977
37.0;70.0;0.450683
37.0;69.0;0.27179081
37.0;68.0;0.117958
37.0;67.0;0.00648207
37.0;66.0;-0.07319656
37.0;65.0;0.18143361
37.0;64.0;0.32042158
37.0;63.0;0.31378856
37.0;62.0;-0.27915234
37.0;61.0;0.02335282
37.0;60.0;-0.03168268
37.0;59.0;0.01785653
37.0;58.0;0.21318303
37.0;57.0;0.8068834
37.0;56.0;0.47277351
37.0;55.0;0.35902554
37.0;54.0;0.27565479
37.0;53.0;0.27164062
37.0;52.0;-0.33106835
37.0;51.0;0.19715566
37.0;50.0;-0.11520902
37.0;49.0;-0.24711745
37.0;48.0;0.32429285
37.0;47.0;0.30454488
37.0;46.0;-0.35277179
37.0;45.0;-0.03620467
37.0;44.0;0.17041199
37.0;43.0;0.38534889
37.0;42.0;0.18681682
37.0;41.0;-0.4711321
37.0;40.0;0.21096497
37.0;39.0;0.38489856
37.0;38.0;0.07479402
37.0;37.0;0.88279918
37.0;25.0;-1e-08
37.0;18.0;1e-08
37.0;4.0;1e-08
37.0;3.0;1e-08
37.0;0.0;1e-08
38.0;99.0;0.26326756
38.0;98.0;0.23790159
38.0;97.0;-0.2875052
38.0;96.0;-0.15508918
38.0;95.0;-0.50176087
38.0;94.0;-0.36764439
38.0;93.0;-0.64772243
38.0;92.0;0.08508835
38.0;91.0;-0.2251168
38.0;90.0;0.04519744
38.0;89.0;0.54662188
38.0;88.0;-0.40987777
38.0;87.0;0.33545833
38.0;86.0;0.18870238
38.0;85.0;0.22582147
38.0;84.0;0.23823801
38.0;83.0;0.16856166
38.0;82.0;0.59468818
38.0;81.0;-0.13196611
38.0;80.0;-0.55222761
38.0;79.0;0.11906001
38.0;78.0;0.1254246
38.0;77.0;-0.10427574
38.0;76.0;-0.18116615
38.0;75.0;0.36132345
38.0;74.0;0.05788085
38.0;73.0;-0.06158275
38.0;72.0;-0.50227901
38.0;71.0;0.24153461
38.0;70.0;-0.03462189
38.0;69.0;0.0188703
38.0;68.0;-0.44462025
38.0;67.0;0.4775456
38.0;66.0;-0.19251751
38.0;65.0;0.10397428
38.0;64.0;-0.24519263
38.0;63.0;0.15654609
38.0;62.0;0.0944739
38.0;61.0;0.3668074
38.0;60.0;-0.33108868
38.0;59.0;0.17449403
38.0;58.0;-0.08639186
38.0;57.0;-0.17290381
38.0;56.0;-0.14814635
38.0;55.0;0.35564773
38.0;54.0;-0.11212392
38.0;53.0;0.02126484
38.0;52.0;-0.12700565
38.0;51.0;-0.83345176
38.0;50.0;0.23999577
38.0;49.0;0.69304649
38.0;48.0;0.27634877
38.0;47.0;-0.1566915
38.0;46.0;-0.46614854
38.0;45.0;0.08806331
38.0;44.0;-0.29058296
38.0;43.0;-0.35103715
38.0;42.0;0.41693138
38.0;41.0;-0.26848634
38.0;40.0;0.33056655
38.0;39.0;0.13715549
38.0;38.0;0.87915049
38.0;26.0;1e-08
38.0;4.0;1e-08
38.0;1.0;-1e-08
38.0;0.0;-1e-08
39.0;99.0;0.10209706
39.0;98.0;0.1700745
39.0;97.0;0.2363775
39.0;96.0;-0.00069222
39.0;95.0;0.10597854
39.0;94.0;0.47838535
39.0;93.0;-0.19291307
39.0;92.0;0.378398
39.0;91.0;-0.21394555
39.0;90.0;-0.01945485
39.0;89.0;0.39484422
39.0;88.0;-0.40882857
39.0;87.0;-0.12620526
39.0;86.0;0.05504725
39.0;85.0;-0.38973828
39.0;84.0;0.29951851
39.0;83.0;-0.48202376
39.0;82.0;-0.10019596
39.0;81.0;-0.17744538
39.0;80.0;-0.28882342
39.0;79.0;0.02735272
39.0;78.0;-0.01025122
39.0;77.0;0.07700666
39.0;76.0;-0.17898872
39.0;75.0;0.17715856
39.0;74.0;0.12882658
39.0;73.0;-0.03914424
39.0;72.0;0.01012142
39.0;71.0;-0.07858773
39.0;70.0;-0.35750518
39.0;69.0;0.00808872
39.0;68.0;0.27514491
39.0;67.0;0.22426935
39.0;66.0;0.35106584
39.0;65.0;-0.23904358
39.0;64.0;0.23292501
39.0;63.0;-0.12798663
39.0;62.0;0.72209537
39.0;61.0;0.44299848
39.0;60.0;-0.24188998
39.0;59.0;-0.95304549
39.0;58.0;0.53000862
39.0;57.0;-0.14522409
39.0;56.0;-0.31032602
39.0;55.0;0.26069802
39.0;54.0;-0.05549907
39.0;53.0;0.40397937
39.0;52.0;0.16096931
39.0;51.0;0.41446852
39.0;50.0;-0.03261541
39.0;49.0;0.14999892
39.0;48.0;0.43376864
39.0;47.0;0.00620043
39.0;46.0;0.46499212
39.0;45.0;-0.17838624
39.0;44.0;-0.40243409
39.0;43.0;-0.54206003
39.0;42.0;-0.14773323
39.0;41.0;-0.53716401
39.0;40.0;-0.28974129
39.0;39.0;0.89645104
39.0;25.0;1e-08
39.0;21.0;1e-08
39.0;17.0;-1e-08
39.0;8.0;1e-08
39.0;7.0;-1e-08
39.0;6.0;-1e-08
39.0;1.0;1e-08
39.0;0.0;-1e-08
40.0;99.0;0.15788816
40.0;98.0;-0.24612425
40.0;97.0;-0.03977174
40.0;96.0;-0.01164487
40.0;95.0;-0.43077856
40.0;94.0;0.3528047
40.0;93.0;-0.20941141
40.0;92.0;0.10357199
40.0;91.0;-0.20686623
40.0;90.0;0.01298601
40.0;89.0;0.50174513
40.0;88.0;0.6200705
40.0;87.0;0.26527399
40.0;86.0;0.08693923
40.0;85.0;0.36379607
40.0;84.0;-0.08946786
40.0;83.0;0.10988326
40.0;82.0;-0.00360389
40.0;81.0;0.67783394
40.0;80.0;0.35859329
40.0;79.0;0.50206686
40.0;78.0;-0.2617846
40.0;77.0;-0.02870268
40.0;76.0;-0.3568275
40.0;75.0;0.15863846
40.0;74.0;0.14038102
40.0;73.0;0.11923785
40.0;72.0;0.42048639
40.0;71.0;0.04654583
40.0;70.0;0.02473827
40.0;69.0;0.11605567
40.0;68.0;0.39440677
40.0;67.0;0.31929974
40.0;66.0;-0.37970499
40.0;65.0;-0.04604471
40.0;64.0;0.36031187
40.0;63.0;-0.00710331
40.0;62.0;-0.16083744
40.0;61.0;0.63938288
40.0;60.0;-0.15949113
40.0;59.0;0.10784174
40.0;58.0;-0.19472873
40.0;57.0;-0.36569724
40.0;56.0;-0.20495645
40.0;55.0;0.08254195
40.0;54.0;0.03464816
40.0;53.0;0.26855083
40.0;52.0;0.59743244
40.0;51.0;-0.00959925
40.0;50.0;-0.42575772
40.0;49.0;0.27376595
40.0;48.0;0.2789439
40.0;47.0;-0.00999658
40.0;46.0;-0.25008484
40.0;45.0;-0.33311153
40.0;44.0;0.01591763
40.0;43.0;0.13491243
40.0;42.0;0.16054226
40.0;41.0;-0.40709638
40.0;40.0;0.88552
40.0;26.0;-1e-08
40.0;16.0;-1e-08
40.0;13.0;1e-08
40.0;9.0;-1e-08
40.0;8.0;1e-08
40.0;3.0;1e-08
40.0;2.0;-1e-08
40.0;0.0;-1e-08
41.0;99.0;-0.03117998
41.0;98.0;0.61559428
41.0;97.0;0.03041926
41.0;96.0;0.09710147
41.0;95.0;-0.10472838
41.0;94.0;-0.11593254
41.0;93.0;0.01243164
41.0;92.0;0.05893349
41.0;91.0;0.11123299
41.0;90.0;-0.04250716
41.0;89.0;-0.4706087
41.0;88.0;0.50623589
41.0;87.0;0.14917949
41.0;86.0;0.45631752
41.0;85.0;0.06259903
41.0;84.0;0.06432632
41.0;83.0;0.2639412
41.0;82.0;-0.0888337
41.0;81.0;0.19367819
41.0;80.0;0.48759308
41.0;79.0;0.58641201
41.0;78.0;0.16498657
41.0;77.0;-0.1462246
41.0;76.0;0.28183164
41.0;75.0;0.01019603
41.0;74.0;0.35708635
41.0;73.0;-0.1718344
41.0;72.0;-0.04143844
41.0;71.0;-0.35052834
41.0;70.0;-0.37775756
41.0;69.0;0.2576406
41.0;68.0;0.0128674
41.0;67.0;-0.39201041
41.0;66.0;-0.01014671
41.0;65.0;0.42308926
41.0;64.0;0.1374466
41.0;63.0;0.52784044
41.0;62.0;0.20263669
41.0;61.0;0.52661231
41.0;60.0;-0.1045813
41.0;59.0;-0.1241062
41.0;58.0;-0.75665635
41.0;57.0;0.3108201
41.0;56.0;-0.07658416
41.0;55.0;-0.060376
41.0;54.0;-0.28876803
41.0;53.0;0.19654542
41.0;52.0;0.50835841
41.0;51.0;0.11734757
41.0;50.0;-0.09248574
41.0;49.0;0.19035878
41.0;48.0;0.29328786
41.0;47.0;0.32633162
41.0;46.0;-0.2351362
41.0;45.0;-0.06257534
41.0;44.0;0.12038985
41.0;43.0;-0.14265079
41.0;42.0;-0.04734359
41.0;41.0;0.92831809
41.0;31.0;-1e-08
41.0;29.0;-1e-08
41.0;10.0;1e-08
41.0;0.0;1e-08
42.0;99.0;0.19058739
42.0;98.0;-0.47580464
42.0;97.0;0.48434613
42.0;96.0;0.52192514
42.0;95.0;0.13540638
42.0;94.0;-0.30459633
42.0;93.0;-0.05641296
42.0;92.0;-0.09552911
42.0;91.0;-0.05725225
42.0;90.0;0.23981799
42.0;89.0;-0.12892836
42.0;88.0;0.11666731
42.0;87.0;-0.14059207
42.0;86.0;0.20856214
42.0;85.0;-0.02784215
42.0;84.0;-0.01663634
42.0;83.0;0.3214584
42.0;82.0;-0.37550005
42.0;81.0;0.00837403
42.0;80.0;0.08063876
42.0;79.0;-0.05428921
42.0;78.0;-0.22050486
42.0;77.0;-0.84207812
42.0;76.0;0.12124584
42.0;75.0;-0.39967391
42.0;74.0;-0.09467065
42.0;73.0;-0.24219753
42.0;72.0;-0.23890238
42.0;71.0;-0.17203591
42.0;70.0;0.48259434
42.0;69.0;0.14865714
42.0;68.0;0.17487878
42.0;67.0;0.24375905
42.0;66.0;0.31748554
42.0;65.0;-0.15773513
42.0;64.0;-0.73180537
42.0;63.0;-0.57623172
42.0;62.0;-0.15336338
42.0;61.0;0.28933328
42.0;60.0;0.0446695
42.0;59.0;0.10626902
42.0;58.0;0.17911733
42.0;57.0;0.17898474
42.0;56.0;-0.22012523
42.0;55.0;-0.35883908
42.0;54.0;0.26179785
42.0;53.0;-0.59406274
42.0;52.0;-0.43574499
42.0;51.0;0.05016715
42.0;50.0;-0.34602014
42.0;49.0;-0.14814457
42.0;48.0;-0.25725956
42.0;47.0;-0.27487701
42.0;46.0;-0.71328777
42.0;45.0;0.20707479
42.0;44.0;-0.03754626
42.0;43.0;0.15200591
42.0;42.0;0.73562851
42.0;31.0;-1e-08
42.0;26.0;1e-08
42.0;24.0;1e-08
42.0;9.0;-1e-08
42.0;8.0;1e-08
42.0;6.0;-1e-08
43.0;99.0;-0.12312652
43.0;98.0;0.29937463
43.0;97.0;-0.22886049
43.0;96.0;0.11949161
43.0;95.0;-0.19768261
43.0;94.0;0.16017036
43.0;93.0;-0.05217175
43.0;92.0;0.14571911
43.0;91.0;0.19273888
43.0;90.0;0.03949497
43.0;89.0;0.14340889
43.0;88.0;0.09419889
43.0;87.0;0.52846432
43.0;86.0;-0.02248506
43.0;85.0;-0.32472643
43.0;84.0;0.51025988
43.0;83.0;0.30478317
43.0;82.0;-0.50876601
43.0;81.0;0.17376082
43.0;80.0;0.0654032
43.0;79.0;0.58039584
43.0;78.0;0.13112192
43.0;77.0;0.29351206
43.0;76.0;-0.2031057
43.0;75.0;0.34972985
43.0;74.0;-0.07093824
43.0;73.0;0.43280863
43.0;72.0;0.14836864
43.0;71.0;0.60598657
43.0;70.0;0.37017388
43.0;69.0;0.09558898
43.0;68.0;-0.16280668
43.0;67.0;-0.05581403
43.0;66.0;0.18289171
43.0;65.0;0.22744889
43.0;64.0;0.37159423
43.0;63.0;-0.2743258
43.0;62.0;-0.58399084
43.0;61.0;0.07488102
43.0;60.0;-0.02896034
43.0;59.0;0.5914202
43.0;58.0;0.80174922
43.0;57.0;0.16822197
43.0;56.0;-0.27140567
43.0;55.0;0.30087812
43.0;54.0;-0.30209222
43.0;53.0;0.30354217
43.0;52.0;-0.02446749
43.0;51.0;0.04020198
43.0;50.0;-0.50491119
43.0;49.0;0.72648964
43.0;48.0;-0.00099301
43.0;47.0;-0.01155685
43.0;46.0;0.03681349
43.0;45.0;0.48002088
43.0;44.0;0.23871544
43.0;43.0;0.71597893
43.0;12.0;-1e-08
43.0;6.0;1e-08
43.0;3.0;2e-08
43.0;0.0;-1e-08
44.0;99.0;-0.21379702
44.0;98.0;0.32128808
44.0;97.0;0.41272401
44.0;96.0;0.96150792
44.0;95.0;0.27521208
44.0;94.0;-0.24454935
44.0;93.0;0.09380574
44.0;92.0;-0.21988925
44.0;91.0;0.15160555
44.0;90.0;-0.07270669
44.0;89.0;0.02699362
44.0;88.0;-0.08165837
44.0;87.0;-0.29730237
44.0;86.0;-0.33396577
44.0;85.0;0.09266363
44.0;84.0;-0.19544501
44.0;83.0;0.25940736
44.0;82.0;0.78544731
44.0;81.0;-0.36313177
44.0;80.0;-0.10846254
44.0;79.0;0.40042935
44.0;78.0;0.25454514
44.0;77.0;-0.12449549
44.0;76.0;0.11321416
44.0;75.0;-0.28816234
44.0;74.0;0.27093539
44.0;73.0;0.13380147
44.0;72.0;-0.05959458
44.0;71.0;-0.02389368
44.0;70.0;0.01101574
44.0;69.0;0.46831181
44.0;68.0;0.48379689
44.0;67.0;0.30313256
44.0;66.0;0.37271659
44.0;65.0;-0.07504545
44.0;64.0;0.37138702
44.0;63.0;0.28571063
44.0;62.0;1.02156229
44.0;61.0;-0.4828402
44.0;60.0;0.48600571
44.0;59.0;-0.3542857
44.0;58.0;-0.31417615
44.0;57.0;-0.02041573
44.0;56.0;-0.09563148
44.0;55.0;0.22027577
44.0;54.0;-0.04866198
44.0;53.0;-0.30218794
44.0;52.0;-0.21357328
44.0;51.0;-0.04823561
44.0;50.0;0.42931069
44.0;49.0;-0.27106206
44.0;48.0;-0.41910012
44.0;47.0;0.01719599
44.0;46.0;0.27304835
44.0;45.0;-0.16450242
44.0;44.0;0.5985787
44.0;24.0;1e-08
44.0;23.0;1e-08
44.0;22.0;1e-08
44.0;16.0;1e-08
44.0;12.0;1e-08
44.0;10.0;1e-08
44.0;7.0;1e-08
44.0;4.0;-1e-08
44.0;2.0;-1e-08
44.0;0.0;2e-08
45.0;99.0;-0.01963627
45.0;98.0;-0.52564082
45.0;97.0;-0.207206
45.0;96.0;-0.22949337
45.0;95.0;-0.23359533
45.0;94.0;0.19809425
45.0;93.0;0.09355491
45.0;92.0;0.19101796
45.0;91.0;0.21578559
45.0;90.0;-0.86448496
45.0;89.0;0.27825476
45.0;88.0;0.3202399
45.0;87.0;-0.32836641
45.0;86.0;-0.21555974
45.0;85.0;0.47370705
45.0;84.0;0.1972126
45.0;83.0;0.33986537
45.0;82.0;0.58759507
45.0;81.0;-0.11340647
45.0;80.0;0.71675257
45.0;79.0;-0.01476927
45.0;78.0;-0.03428191
45.0;77.0;-0.24584924
45.0;76.0;0.29838886
45.0;75.0;-0.37740205
45.0;74.0;0.47005695
45.0;73.0;0.1513479
45.0;72.0;-0.28271527
45.0;71.0;0.06491334
45.0;70.0;0.0031385
45.0;69.0;-0.59602534
45.0;68.0;-0.04235325
45.0;67.0;0.02097964
45.0;66.0;-0.31606721
45.0;65.0;0.21490106
45.0;64.0;0.22862598
45.0;63.0;-0.43329907
45.0;62.0;-0.01522161
45.0;61.0;0.30362131
45.0;60.0;-0.09330772
45.0;59.0;0.13468731
45.0;58.0;0.08271521
45.0;57.0;0.44026323
45.0;56.0;0.43842251
45.0;55.0;0.13914473
45.0;54.0;0.07823524
45.0;53.0;-0.35483914
45.0;52.0;-0.24070053
45.0;51.0;0.65939011
45.0;50.0;0.2225815
45.0;49.0;-0.56898207
45.0;48.0;0.65531256
45.0;47.0;0.03529975
45.0;46.0;0.46352248
45.0;45.0;0.44710403
45.0;30.0;1e-08
45.0;18.0;-1e-08
45.0;17.0;1e-08
45.0;16.0;1e-08
45.0;7.0;-1e-08
45.0;0.0;-1e-08
46.0;99.0;0.16786847
46.0;98.0;0.64082135
46.0;97.0;-0.10330295
46.0;96.0;-0.0688412
46.0;95.0;-0.0601168
46.0;94.0;0.09629113
46.0;93.0;-0.19059318
46.0;92.0;-0.04009465
46.0;91.0;-0.06373595
46.0;90.0;0.34755301
46.0;89.0;-0.29256678
46.0;88.0;-0.08586154
46.0;87.0;-0.41468353
46.0;86.0;-0.06553425
46.0;85.0;0.4639439
46.0;84.0;-0.13248592
46.0;83.0;0.10821027
46.0;82.0;-0.2448795
46.0;81.0;-0.13483205
46.0;80.0;-0.11830774
46.0;79.0;-0.23880902
46.0;78.0;0.38390326
46.0;77.0;-0.18450594
46.0;76.0;0.43794221
46.0;75.0;-0.24266004
46.0;74.0;-0.64578252
46.0;73.0;0.19153719
46.0;72.0;-0.79351424
46.0;71.0;0.45640338
46.0;70.0;0.07840643
46.0;69.0;-0.27510821
46.0;68.0;0.11985024
46.0;67.0;-0.43435001
46.0;66.0;-0.25178203
46.0;65.0;0.27921685
46.0;64.0;0.1222607
46.0;63.0;-0.07354051
46.0;62.0;-0.16026609
46.0;61.0;-0.53655468
46.0;60.0;-0.35996465
46.0;59.0;0.14701833
46.0;58.0;-0.15941585
46.0;57.0;-0.13999749
46.0;56.0;-0.66810599
46.0;55.0;-0.22256361
46.0;54.0;0.20932007
46.0;53.0;-0.29197613
46.0;52.0;-0.0137556
46.0;51.0;0.07587144
46.0;50.0;-0.10334452
46.0;49.0;-0.56087496
46.0;48.0;-0.01783414
46.0;47.0;0.23951675
46.0;46.0;0.49599033
46.0;33.0;-1e-08
46.0;29.0;-1e-08
46.0;27.0;1e-08
46.0;23.0;1e-08
46.0;18.0;1e-08
46.0;17.0;-1e-08
46.0;15.0;-1e-08
46.0;6.0;1e-08
46.0;5.0;-1e-08
46.0;4.0;-1e-08
47.0;99.0;0.29613759
47.0;98.0;0.07847327
47.0;97.0;-0.19808909
47.0;96.0;0.10278982
47.0;95.0;0.05033591
47.0;94.0;0.34850835
47.0;93.0;0.02575728
47.0;92.0;-0.10631763
47.0;91.0;0.03891301
47.0;90.0;-0.37025782
47.0;89.0;0.02580804
47.0;88.0;-0.15685412
47.0;87.0;-0.1911463
47.0;86.0;0.10701655
47.0;85.0;-0.176307
47.0;84.0;0.14827947
47.0;83.0;-0.73196716
47.0;82.0;-0.18604552
47.0;81.0;-0.15760014
47.0;80.0;-0.11181108
47.0;79.0;-0.25155925
47.0;78.0;-0.02181493
47.0;77.0;-0.45513715
47.0;76.0;0.08218631
47.0;75.0;0.16758181
47.0;74.0;0.06564013
47.0;73.0;-0.01613721
47.0;72.0;-0.22686953
47.0;71.0;-0.15807311
47.0;70.0;0.18366977
47.0;69.0;0.41938879
47.0;68.0;-0.35797729
47.0;67.0;-0.01899072
47.0;66.0;0.10437013
47.0;65.0;-0.15008956
47.0;64.0;-0.038584
47.0;63.0;-0.4998776
47.0;62.0;-0.04426596
47.0;61.0;0.39662002
47.0;60.0;-0.09866708
47.0;59.0;-0.0161713
47.0;58.0;-0.31112761
47.0;57.0;0.14493714
47.0;56.0;0.3516589
47.0;55.0;0.2064049
47.0;54.0;-0.22817057
47.0;53.0;0.05137453
47.0;52.0;0.10946848
47.0;51.0;-0.22791905
47.0;50.0;0.14955815
47.0;49.0;-0.11415656
47.0;48.0;-0.1502215
47.0;47.0;0.4909865
47.0;41.0;1e-08
47.0;31.0;1e-08
47.0;17.0;-1e-08
47.0;14.0;1e-08
47.0;8.0;1e-08
47.0;4.0;-1e-08
48.0;99.0;-0.02792043
48.0;98.0;0.25772801
48.0;97.0;-0.59148796
48.0;96.0;0.35552524
48.0;95.0;-0.1011747
48.0;94.0;0.34968568
48.0;93.0;0.33873497
48.0;92.0;0.39910042
48.0;91.0;0.69229305
48.0;90.0;0.31739339
48.0;89.0;-0.13636834
48.0;88.0;0.11315445
48.0;87.0;-0.15421785
48.0;86.0;-0.22450211
48.0;85.0;0.53089009
48.0;84.0;-0.36310297
48.0;83.0;0.64165792
48.0;82.0;-0.19741408
48.0;81.0;-0.02074098
48.0;80.0;-0.11019747
48.0;79.0;0.12597321
48.0;78.0;0.33761667
48.0;77.0;0.1984265
48.0;76.0;0.37668695
48.0;75.0;-0.28359163
48.0;74.0;-0.16216708
48.0;73.0;-0.54307776
48.0;72.0;-0.66952649
48.0;71.0;0.0351647
48.0;70.0;-0.02014669
48.0;69.0;-0.29570898
48.0;68.0;0.76911175
48.0;67.0;0.34193177
48.0;66.0;-0.1197949
48.0;65.0;-0.21990906
48.0;64.0;0.02995717
48.0;63.0;0.64476118
48.0;62.0;0.03488062
48.0;61.0;0.32576001
48.0;60.0;0.49179392
48.0;59.0;0.05480857
48.0;58.0;0.33510109
48.0;57.0;-0.4407273
48.0;56.0;-0.05028236
48.0;55.0;-0.29374535
48.0;54.0;0.2687574
48.0;53.0;0.15227788
48.0;52.0;0.25028415
48.0;51.0;-0.00111804
48.0;50.0;0.26879769
48.0;49.0;0.20448433
48.0;48.0;0.59870408
48.0;41.0;-1e-08
48.0;29.0;1e-08
48.0;13.0;-1e-08
48.0;9.0;-1e-08
48.0;1.0;-1e-08
48.0;0.0;-1e-08
49.0;99.0;0.313171
49.0;98.0;-0.00991541
49.0;97.0;-0.32410946
49.0;96.0;0.16596156
49.0;95.0;0.08363622
49.0;94.0;-0.2462049
49.0;93.0;-0.10428761
49.0;92.0;0.34531246
49.0;91.0;-0.68965291
49.0;90.0;0.04809678
49.0;89.0;0.0132534
49.0;88.0;-0.11651886
49.0;87.0;0.32016993
49.0;86.0;-0.51723188
49.0;85.0;-0.05722383
49.0;84.0;0.3768193
49.0;83.0;0.74380151
49.0;82.0;0.30468218
49.0;81.0;-0.0414301
49.0;80.0;-0.1514857
49.0;79.0;0.01171774
49.0;78.0;0.44834473
49.0;77.0;0.04351237
49.0;76.0;0.3409212
49.0;75.0;-0.01745233
49.0;74.0;-0.13630856
49.0;73.0;-0.44348468
49.0;72.0;0.36313137
49.0;71.0;0.06359523
49.0;70.0;0.36031358
49.0;69.0;0.21425398
49.0;68.0;-0.2396592
49.0;67.0;0.18261413
49.0;66.0;0.27628227
49.0;65.0;0.28740037
49.0;64.0;-0.08785844
49.0;63.0;0.12836116
49.0;62.0;-0.06278778
49.0;61.0;0.68904225
49.0;60.0;0.26491876
49.0;59.0;-0.04423708
49.0;58.0;0.22383761
49.0;57.0;0.44938117
49.0;56.0;0.07054706
49.0;55.0;-0.42737757
49.0;54.0;0.27214553
49.0;53.0;0.02804506
49.0;52.0;0.07039526
49.0;51.0;0.46279644
49.0;50.0;0.5195076
49.0;49.0;-0.03677367
49.0;16.0;-1e-08
49.0;14.0;1e-08
49.0;13.0;-1e-08
49.0;8.0;1e-08
49.0;4.0;1e-08
49.0;3.0;1e-08
